,store,sido,gungu,store_address
0,강남역,서울,강남구,서울 강남구 역삼동 619-28 (서울 강남구 강남대로 98길 11) 02 -596-1991
1,개포1호,서울,강남구,"서울 강남구 개포동 1229-18 (서울 강남구 논현로16길 5) 02 -573-5699,5499"
2,개포2호,서울,강남구,서울 강남구 개포동 158-4 (서울 강남구 선릉로6길 12(개포동)) 02 -5779667
3,논현1호(서울),서울,강남구,서울 강남구 논현동 164-16 (서울 강남구 학동로2길 50(논현동)) 02 -540-2182
4,대치1호,서울,강남구,서울 강남구 대치동936 (서울 강남구 선릉로 312) 02 -556-3599
5,대치2호,서울,강남구,서울 강남구 대치동 989-4 (서울 강남구 삼성로58길 7(대치동)) 02 -556-9963
6,도곡,서울,강남구,서울 강남구 도곡동 416-4 (서울 강남구 논현로38길 30 1층) 02 -6494-0103
7,삼성1호,서울,강남구,서울 강남구 삼성동 44-18 (서울 강남구 봉은사로 451) 02 -515-2399
8,세곡,서울,강남구,서울 강남구 자곡동 611 (서울 강남구 자곡로 101 강남레미안힐즈상가 103호) 02 -2226-1991
9,압구정신사,서울,강남구,"서울 강남구 신사동 640-5 대성빌딩 1층 1호 (서울 강남구 언주로172길 29, 대성빌딩 1층 1호) 02 -547-9945"
10,역삼1호,서울,강남구,서울 강남구 역삼동 837-15 (서울 강남구 강남대로 66길 16 1층) 02 -566-9942
11,일원1동,서울,강남구,서울 강남구 일원동 645 (서울 강남구 일원로9길 48(일원동)) 02 -459-1006
12,일원본동,서울,강남구,"서울 강남구 수서동 747 삼성아파트 상가 104호 (서울 강남구 광평로31길 27, 삼성아파트 상가 104호) 02 -2226-4080"
13,청담역,서울,강남구,"서울 강남구 청담동 65 진흥아파트상가 (서울 강남구 학동로 87길 9 진흥아파트상가) 02 -515-9995,515-9975"
14,강일,서울,강동구,"서울 강동구 강일동 679-3 리슈빌오피스텔 (서울 강동구 아리수로 419 리슈빌오피스텔) 02 -426-6692,6696"
15,고덕1호(서울),서울,강동구,서울 강동구 고덕동 650-1 (서울 강동구 고덕로61길 116) 02 -481-9503~4
16,길1호,서울,강동구,서울 강동구 길동 347-31 (서울 강동구 천중로 201) 02 -473-0092
17,길동역,서울,강동구,서울 강동구 길동 388-3 (서울 강동구 양재대로 111길 18) 02 -478-6780
18,둔촌1호,서울,강동구,"서울 강동구 둔촌동 454-5 (서울 강동구 진황도로 168(둔촌동,예창빌딩)) 02 -475-9295"
19,명일1호,서울,강동구,서울 강동구 명일동 328-2 (서울 강동구 구천면로 438) 02 -3426-9199
20,상일,서울,강동구,"서울 강동구 고덕동 200-3 (서울 강동구 상일로15길 6(고덕동,재도빌딩)) 02 -441-1991"
21,상일2호,서울,강동구,"서울 강동구 구천면로 640 (서울 강동구 구천면로 640, 고덕 롯데캐슬 베네루체 상가A동 114호) 02 -428-9266"
22,성내,서울,강동구,"서울 강동구 성내2동 509-7 1층 (서울 강동구 풍성로 143, 1층) 02 -485-9293"
23,암사1호,서울,강동구,서울 강동구 암사동 504-37 (서울 강동구 올림픽로 807) 02 -426-8533
24,암사2호,서울,강동구,"서울 강동구 암사동 451-18 (서울 강동구 고덕로 109,) 02 -427-9982"
25,천호1호,서울,강동구,서울 강동구 천호동 571 (서울 강동구 천호대로 1077) 02 -470-9908
26,덕성여대,서울,강북구,서울 강북구 우이동 72-133 (서울 강북구 삼양로 531) 02 -900-3123
27,미아1호,서울,강북구,서울 강북구 미아동 561-2 현대성우아파트 상가 104호 (서울 삼양로 24길 19. 현대성우아파트 상가 104호) 02 -987-9280
28,미아사거리,서울,강북구,서울 강북구 미아동 55-5 (서울 강북구 도봉로8길 35) 02 -984-3434
29,미아역,서울,강북구,서울 강북구 미아동 131-8 (서울 강북구 도봉로 142) 02 -989-6288
30,번동,서울,강북구,서울 강북구 번동 169-1 (서울 강북구 한천로 109길 59 일신빌딩 1층) 02 -981-0991
31,수유1호,서울,강북구,서울 강북구 수유동 385-2 (서울 강북구 삼각산로 119) 02 -994-8911~2
32,수유2호,서울,강북구,서울 강북구 수유동 57-2 (서울 강북구 수유로 12) 02 -985-1991
33,수유역점,서울,강북구,서울 강북구 번동 461-127 (서울 강북구 한천로 1016) 02 -903-3693
34,가양,서울,강서구,서울 강서구 등촌동 75-1 (서울 강서구 양천로 482 삼부르네상스 109호) 02 -3665-3433
35,강서구청,서울,강서구,서울 강서구 화곡동 986-16 (서울 강서구 화곡로 277) 02 -2699-3999
36,까치산역,서울,강서구,"서울 강서구 화곡동 343-62 라인씨티 1층 (서울 강서구 곰달래로 125, 라인씨티 1층) 02 -2602-1991"
37,등촌,서울,강서구,서울 강서구 등촌동 649-14 (서울 강서구 공항대로 509) 02 -2647-2328
38,마곡1호,서울,강서구,서울 강서구 강서로 마곡동 784-11 마곡오드카운티1차 111호 (서울 강서구 강서로 429 마곡오드카운티1차 111호) 02 -3662-5556
39,마곡역,서울,강서구,서울 강서구 마곡동 774-1 (서울 강서구 공항대로 209) 02 -3664-1991
40,발산,서울,강서구,서울 강서구 내발산동 648-15 (서울 강서구 공항대로42길 12) 02 -2663-6077
41,방화1호,서울,강서구,서울 강서구 방화동 571-1 (서울 강서구 양천로 87) 02 -2661-1990
42,방화2호,서울,강서구,서울 강서구 방화2동 580-27 (서울 강서구 방화동로 113-1) 02 -2666-9559
43,염창,서울,강서구,서울 강서구 염창동 249-5 (서울 강서구 양천로 689) 02 -3662-9238
44,화곡2호,서울,강서구,서울 강서구 화곡동 400-45 (서울 강서구 가로공원로 227) 02 -2692-9279
45,봉천1호,서울,관악구,서울 관악구 봉천동 861-7 (서울 관악구 봉천로 472(봉천동)) 02 -882-2999
46,봉천2호,서울,관악구,서울 관악구 봉천동 1674-20 (서울 관악구 남부순환로 1881) 02 -882-1107
47,봉천3호,서울,관악구,"서울 관악구 봉천동 1632-9 (서울 관악구 봉천로 604) 02 -888-2366,887-3998"
48,봉천4호,서울,관악구,서울 관악구 봉천동 931-12 (서울 관악구 봉천로 374) 02 -884-9991
49,신림1호,서울,관악구,서울 관악구 신림동 518-56 (서울 관악구 난곡로 357(신림동)) 02 -867-1192
50,신림2호,서울,관악구,"서울 관악구 신림동 1680-15 (서울 관악구 난곡로 262(신림동)) 02 -857-9992,857-9799"
51,신림3호,서울,관악구,서울 관악구 신림동 241-66 (서울 관악구 신림로 11길 13) 02 -877-3688
52,신림4호,서울,관악구,"서울 관악구 신림동 706-6 (서울 관악구 난곡로 189(신림동,명성빌딩)) 02 -851-0708"
53,건대,서울,광진구,서울 광진구 화양동 9-18 (서울 광진구 아차산로 31길 13) 02 -462-1991
54,광장,서울,광진구,서울 광진구 광장동 530-13 (서울 광진구 광나루로 607(광장동)) 02 -453-9292
55,구의역,서울,광진구,서울 광진구 구의동 257-70 (서울 광진구 아차산로51길 44) 02 -453-9995
56,자양1호,서울,광진구,서울 광진구 자양3동 584-28 (서울 광진구 자양번영로 15) 02 -452-8593~4
57,자양2호,서울,광진구,서울 광진구 자양동 624-42 (서울 광진구 자양로13길 40(자양동)) 02 -458-1991
58,중곡1호,서울,광진구,서울 광진구 중곡동 243-1 (서울 광진구 긴고랑로 40) 02 -446-9908
59,중곡2호,서울,광진구,서울 광진구 중곡동 24-2 (서울시 광진구 용마산로 109) 02 -453-9288
60,개봉1호,서울,구로구,서울 구로구 개봉동 403-159 (서울 구로구 개봉로 30-1) 02 -2066-9244~5
61,고척1호,서울,구로구,서울 구로구 개봉1동 126-4 (서울 구로구 고척로 129) 02 -2060-4940
62,구로2호,서울,구로구,서울 구로구 구로동 74-30 (서울 구로구 구로중앙로 18길 68) 02 -854-1004
63,구로디지털,서울,구로구,서울 구로구 구로동 826-1 (서울 구로구 디지털로 26길 110) 02 -856-5542
64,남구로,서울,구로구,서울 구로구 구로동 704-38 (서울 구로구 가마산로 180-2) 02 -837-1999
65,동양미래대학,서울,구로구,"서울 구로구 고척동 343 (서울 구로구 중앙로 8길 11, 106호) 02 -2060-1991"
66,신도림1호,서울,구로구,서울 구로구 신도림동 648 신도림6차대림아파트 상가 902동 111호 (서울 구로구 경인로59길 7 신도림6차대림아파트 상가 902동 111호) 02 -2675-9288
67,오류1호,서울,구로구,서울 구로구 오류1동 10-3 (서울 구로구 경인로 189-1) 02 -2060-9277
68,천왕역,서울,구로구,서울 구로구 오류동 203-1 1층 (서울 구로구 서해안로 2264) 02 -2616-1991
69,항동,서울,구로구,서울특별시 구로구 연동로 233 102호 (서울 구로구 연동로 233 102호) 02 -2615-1990
70,가산디지털,서울,금천구,서울 금천구 가산동 371-6 가산비지니스센터 2층 (서울 금천구 가산디지털1로 165 가산비지니스센터 2층) 02 -865-0865
71,독산1호,서울,금천구,서울 금천구 독산동 961-10 (서울 금천구 독산로 344) 02 -868-8788
72,독산2동,서울,금천구,서울 금천구 독산동 1059-4 (서울 금천구 시흥대로 310) 02 -805-1991
73,시흥1호,서울,금천구,서울 금천구 시흥2동 264-17 (서울 금천구 금하로 753-1) 02 -806-9990 807-9990
74,시흥2호,서울,금천구,서울 금천구 시흥1동 905-5 (서울 금천구 은행나무로 12) 02 -806-9911
75,공릉1호,서울,노원구,서울 노원구 공릉동 338-6 (서울 노원구 공릉로 35길 2) 02 -974-3999
76,공릉2호,서울,노원구,서울 노원구 공릉동 461-1 (서울 노원구 공릉로 235) 02 -975-9991
77,공릉3호,서울,노원구,서울 노원구 공릉동 568-27 (서울 노원구 동일로 1041) 02 -973-3330
78,상계4단지,서울,노원구,서울 노원구 상계동 749-5 (서울 노원구 동일로 1362) 02 -937-4785
79,상계보람,서울,노원구,서울 노원구 상계동 456-70 (서울 노원구 노원로34길 96) 02 -952-7123
80,상계역,서울,노원구,서울 노원구 중계동 137-39 (서울 노원구 덕릉로 721) 02 -933-9829
81,석계역,서울,노원구,"서울 노원구 월계1동 73-13 (서울 노원구 석계로 31) 02 -909-9229,5297"
82,수락산역,서울,노원구,서울 노원구 상계동 1118 (서울 노원구 동일로 1651) 02 -936-1212
83,인덕대,서울,노원구,서울 노원구 월계동 951 월계센트럴아이파크 상가동 101호 (서울 노원구 초안산로 2라길 26. 월계센트럴아이파크 상가동 101호) 02 -908-1991
84,중계1호,서울,노원구,서울 노원구 중계1동 360-9 (서울 노원구 한글비석로 245) 02 -933-9992
85,중계역,서울,노원구,"서울 노원구 중계동 503 (서울 노원구 동일로 1279, 비상가동 1층 113호) 02 -978-9255"
86,하계1호,서울,노원구,서울 노원구 하계1동 251 청구상가 201동 101호 (서울 노원구 한글비석로 89 101호 (하계동)) 02 -976-4882
87,도봉동,서울,도봉구,서울 도봉구 도봉2동 623-163 (서울 도봉구 마들로 689) 02 -956-8892
88,방학,서울,도봉구,서울 도봉구 방학동 659-32 (서울 도봉구 도당로 111) 02 -956-7005
89,쌍문1호,서울,도봉구,서울 도봉구 방학동 263-56 (서울특별시 도봉구 도당로 30) 02 -955-7999
90,쌍문역,서울,도봉구,"서울 도봉구 쌍문3동 88-127 (서울 도봉구 도봉로 505) 02 -905-9292,9294"
91,창3동,서울,도봉구,서울 도봉구 창동 568-2 (서울 도봉구 덕릉로 264) 02 -999-5222
92,창동,서울,도봉구,"서울 도봉구 창동 296-37 (서울 도봉구 해등로 120) 02 -905-8292,8290"
93,경희대,서울,동대문구,서울 동대문구 회기동 42-16 (서울 동대문구 경희대로3길 20) 02 -963-5353
94,답십리1호,서울,동대문구,서울 동대문구 답십리동 53-50 (서울 동대문구 전농로81) 02 -2214-7782
95,서울시립대,서울,동대문구,서울 동대문구 전농동 295-5 (서울 동대문구 전농로 133) 02 -2243-1560~1
96,신이문,서울,동대문구,서울 동대문구 이문동 255-222 (서울 동대문구 신이문로 6-1) 02 -963-9998
97,안암,서울,동대문구,서울 동대문구 제기동 142-8 (서울 동대문구 안암로 122) 02 -923-3363
98,용두,서울,동대문구,서울 동대문구 왕산로28길 55 (서울 동대문구 용두동 29-1) 02 -967-1991
99,장안1호,서울,동대문구,서울 동대문구 전농동 1-171 (서울 동대문구 한천로 229) 02 -2216-0092
100,장안2호,서울,동대문구,서울 동대문구 장안동 375-3 (서울 동대문구 장한로 69) 02 -2249-9599
101,청량리역,서울,동대문구,서울 동대문구 청량리동 50-14 (서울 동대문구 왕산로 249-1) 02 -957-0001~2
102,노량진,서울,동작구,"서울 동작구 노량진동 37-1 (서울 동작구 노량진로8길 55(노량진동,더클래식동작)) 02 -816-8999,9959"
103,사당1호,서울,동작구,"서울 동작구 사당3동 155-2 1F (서울 동작구 사당로23길 2, 1층) 02 -3477-9945~6"
104,사당3호,서울,동작구,"서울 동작구 사당동 220-119 (서울 동작구 사당로 185-1) 02 -3471-9292,9282"
105,상도,서울,동작구,"서울 동작구 상도동 535 상도2차 두산위브트레지움아파트 상가 (서울 동작구 상도로30길 40, 상도2차 두산위브트레지움아파트 상가) 02 -3280-1932"
106,상도터널,서울,동작구,서울 동작구 상도동 159-26 (서울 동작구 상도로 306) 02 -815-8833
107,숭실대,서울,동작구,서울 동작구 상도동 489-9 (서울 동작구 상도로 370) 02 -889-2299
108,신대방,서울,동작구,서울 동작구 신대방동 607-28 (서울 동작구 시흥대로 646) 02 -846-9992
109,신대방삼거리,서울,동작구,서울 동작구 대방동 407-46 (서울 동작구 여의대방로24길 129) 02 -823-1991
110,흑석1호,서울,동작구,서울 동작구 흑석동 180-6 (서울 동작구 흑석로 116) 02 -814-3377
111,도화(서울),서울,마포구,서울 마포구 도화동 55 (서울 마포구 마포대로4길 30-3) 02 -715-9987
112,망원2동,서울,마포구,서울 마포구 망원동 482-9 (서울 마포구 월드컵로 111) 02 -3143-5575
113,상암,서울,마포구,서울 마포구 상암동 34-45 (서울 마포구 월드컵북로 48길 14) 02 -309-2500
114,성산2동,서울,마포구,서울 마포구 성산동 592 (서울 마포구 월드컵로 190) 02 -373-9909
115,신공덕,서울,마포구,"서울 마포구 신공덕동 159(신공덕 래미안상가 1동109호) (서울 마포구 만리재로 74, 1동 109호) 02 -703-9919"
116,신수,서울,마포구,"서울 마포구 신수동 451번지 세양청마루아파트 상가 101호 (서울 마포구 독막로 209(신수동,세양청마루아파트)) 02 -704-6364"
117,아현,서울,마포구,서울 마포구 아현동 774 마포래미안 푸르지오 101동 상가 114호 (서울 마포구 마포대로 195 (마포래미안 푸르지오 101동 상가 114호)) 02 -363-9993
118,연남,서울,마포구,서울 마포구 연남동 369-20 (서울 마포구 연남로 45) 02 -323-1997
119,용강(서울),서울,마포구,서울 마포구 대흥동 500-10 (서울 마포구 토정로31길 67) 02 -711-9993
120,홍대,서울,마포구,서울 마포구 서교동 371-3 (서울 마포구 양화로16길 6) 02 -338-1300
121,독립문,서울,서대문구,서울 서대문구 냉천동 226 (서울 서대문구 통일로 151) 02 -392-6668
122,명지대,서울,서대문구,서울 서대문구 남가좌동 344-7 (서울 서대문구 거북골로 57-1) 02 -305-9996
123,북가좌1호,서울,서대문구,"서울 서대문구 북가좌동 385-8 (서울 서대문구 응암로 11) 02 -304-3003,3053"
124,북아현1호,서울,서대문구,서울 서대문구 북아현동 1006 (서울 서대문구 북아현로 40) 02 -393-5393
125,신촌,서울,서대문구,서울 서대문구 창천동 41-14 (서울 서대문구 명물길 21) 02 -312-1991
126,연희1호(서울),서울,서대문구,서울 서대문구 연희3동 344-26 (서울 서대문구 성산로 381) 02 -334-7999
127,홍은1호,서울,서대문구,서울 서대문구 홍제동 279-52 (서울 서대문구 세검정로 89) 02 -396-0111
128,홍은사거리,서울,서대문구,서울 서대문구 홍제동 326-20 (서울 서대문구 통일로 473) 02 -3216-9989
129,반포1호,서울,서초구,"서울 서초구 반포동 94-7 (서울 서초구 서래로43) 02 -533-9279,9179"
130,반포삼호가든,서울,서초구,서울 서초구 반포동 53-7 (서울 서초구 서초중앙로 33길 8) 02 -591-9901
131,방배1호,서울,서초구,서울 서초구 방배동 761-8 (서울 서초구 방배중앙로27길 2) 02 -535-1991
132,방배2호,서울,서초구,"서울 서초구 방배동 912-8 (서울 서초구 효령로31길 3(방배동,반도빌딩)) 02 -523-9956"
133,서초1호,서울,서초구,서울 서초구 서초동 1357-56 (서울 서초구 강남대로 43길 22-1 1층) 02 -581-9949
134,서초2호,서울,서초구,서울 서초구 서초동 1669-15 (서울 서초구 서초대로56길 22) 02 -588-9905
135,서초3호,서울,서초구,서울 서초구 서초동 1579-5 (서울 서초구 사임당로 31) 02 -582-9233
136,양재1호,서울,서초구,서울 서초구 양재동 327-2 (서울 서초구 동산로 6) 02 -579-9245
137,우면,서울,서초구,서울 서초구 우면동 720 (서울 서초구 태봉로2길 65) 02 -577-9288
138,잠원1호,서울,서초구,서울 서초구 잠원동 15-4 (서울 서초구 나루터로 69) 02 -532-9992
139,금호역,서울,성동구,서울 성동구 금호동4가 1380 (서울 성동구 장터길 26) 02 -2296-5992
140,성수1호,서울,성동구,서울 성동구 성수동2가 235-1 (서울 성동구 동일로 41) 02 -464-9992
141,성수역,서울,성동구,서울 성동구 성수동2가 289-251 (서울 성동구 아차산로 7길 10-1) 02 -497-1991
142,왕십리1호,서울,성동구,서울 성동구 하왕십리동 946-15 (서울 성동구 왕십리로 363) 02 -2293-9985
143,왕십리도선,서울,성동구,서울 성동구 홍익동 131-1 (서울 성동구 고산자로281 1층) 02 -2292-1991
144,용답,서울,성동구,서울 성동구 용답동 60-18 (서울 성동구 용답중앙13길 6-1) 02 -2215-1993
145,응봉,서울,성동구,서울 성동구 응봉동 100 (서울 성동구 독서당로 398) 02 -2299-9965
146,한양대,서울,성동구,서울 성동구 행당동 3-29 (서울 성동구 마조로 31) 02 -2291-1992
147,길음뉴타운,서울,성북구,서울 성북구 길음동 1284-17 (서울 성북구 길음로 33) 02 -909-1997
148,동덕여대,서울,성북구,서울 성북구 하월곡동 17-1 (서울 성북구 화랑로 103) 02 -913-8292
149,동소문,서울,성북구,서울 성북구 동선동5가 147-13 (서울 성북구 아리랑로 48) 02 -953-9922
150,보문,서울,성북구,서울 성북구 보문동7가 99 (서울 성북구 보문로47) 02 -921-3292
151,석관장위,서울,성북구,서울 성북구 장위동 50-46 (서울 성북구 화랑로 265) 02 -918-9925
152,정릉1호,서울,성북구,"서울 성북구 정릉동 285-11 (서울 성북구 보국문로 72) 02 -909-3311,9282"
153,정릉2호,서울,성북구,서울 성북구 정릉동 175-24 (서울 성북구 정릉로31길 32) 02 -912-1333
154,종암,서울,성북구,서울 성북구 종암동 3-544 (서울 성북구 종암로 27길 18) 02 -921-1112
155,한성대,서울,성북구,서울 성북구 동소문동3가 31 (서울 성북구 동소문로 38) 02 -928-7003
156,가락2호,서울,송파구,"서울 송파구 가락동 75-7 (서울 송파구 양재대로 62길 35 다우빌딩 1층) 02 -448-9005,9045"
157,거여가락1호,서울,송파구,서울 송파구 가락동 180-9 (서울 송파구 문정로 143) 02 -406-9282
158,마천1호,서울,송파구,서울 송파구 거여동 32-6 (서울 송파구 오금로 544 1층) 02 -404-9907~8
159,문정법조,서울,송파구,서울 송파구 문정동 620 송파푸르지오시티 B09호 (서울 송파구 새말로 62(문정동)) 02 -3012-1992
160,방이2호,서울,송파구,서울 송파구 방이동 59-1 (서울 송파구 오금로 11길 22) 02 -420-0495
161,방이역,서울,송파구,"서울 송파구 오금동 41-23 성암빌딩 1층 (서울 송파구 마천로 76 성암빌딩 1층) 02 -418-9599,9569"
162,석촌,서울,송파구,서울 송파구 석촌동 163-1 (서울 송파구 백제고분로 39길 29) 02 -412-0799
163,송파1호,서울,송파구,서울 송파구 송파동 147 (서울 송파구 가락로 212) 02 -418-8892
164,올림픽공원,서울,송파구,서울 송파구 풍납동 401-4 (서울 송파구 올림픽로 505) 02 -478-5844~5
165,위례송파,서울,송파구,"서울 송파구 장지동 897 (서울 송파구 위례광장로 120 148,149호) 02 -2043-1991"
166,잠실1호,서울,송파구,서울 송파구 잠실동 177-3 (서울 송파구 백제고분로7길 9) 02 -416-9939
167,잠실2호,서울,송파구,서울 송파구 신천동 11-4 (서울 송파구 올림픽로35가길 9) 02 -417-9225
168,장지,서울,송파구,"서울 송파구 문정동 102-1 (서울 송파구 새말로 167) 02 -403-9225,9222"
169,헬리오시티,서울,송파구,"서울 송파구 가락동 913 헬리오시티 상가 3A동 01호 (서울 송파구 송파대로 345, 헬리오시티 상가 3A동 01호) 02 -406-1991"
170,목3동,서울,양천구,서울 양천구 목동 722-8 호성빌딩 (서울 양천구 등촌로 102 호성빌딩 1층) 02 -2655-0027
171,목동1호,서울,양천구,서울 양천구 목동 797-3 (서울 양천구 목동중앙서로 24) 02 -2645-9925
172,목동2호,서울,양천구,"서울 양천구 목동 909-8 이화프라자 1층 101호 (서울 양천구 목동동로 423, 이화프라자 1층 101호) 02 -2643-9339,2643-9329"
173,목동오거리,서울,양천구,"서울 양천구 목동 940 현대아이파크상가 102 (서울 양천구 목동로 230, 목동2차아이파크 상가 102호) 02 -2647-0092"
174,목동파크자이,서울,양천구,서울 양천구 신정동 171-68 (서울 양천구 목동남로4길 80) 02 -2039-0447
175,신월1호,서울,양천구,서울 양천구 신월동 602-8 (서울 양천구 신월로 200) 02 -2606-1992
176,신월2호,서울,양천구,서울 양천구 신월7동 972-6 (서울 양천구 지양로 52) 02 -2697-7272
177,신월사거리,서울,양천구,서울 양천구 신월동 166-5 (서울 양천구 남부순환로 360) 02 -2601-9992
178,신정1호,서울,양천구,서울 양천구 신정동 1022-5 (서울 양천구 중앙로 32길 51) 02 -2649-9282
179,신트리,서울,양천구,"서울 양천구 신정동 1267 목동뉴프라자 (서울 양천구 신정로 312, 목동뉴프라자) 02 -2605-7892"
180,오목교,서울,양천구,"서울 양천구 신정동 1296 아이파크 상가 1층 (서울 양천구 목동동로 180, 아이파크아파트 상가 1층) 02 -2654-0833"
181,화곡1호,서울,양천구,서울 양천구 신월동 23-17 (서울 양천구 화곡로 103) 02 -2606-9961~2
182,당산,서울,영등포구,"서울 영등포구 영등포동8가 35-1 (서울 영등포구 영중로 119, 108호) 02 -2672-9995"
183,대림2호,서울,영등포구,서울 영등포구 대림동 783-1 (서울 영등포구 대림로 247) 02 -847-9939
184,문래,서울,영등포구,서울 영등포구 문래동3가 77-34 (서울 영등포구 선유로 62) 02 -2672-7676
185,선유도역,서울,영등포구,서울 영등포구 양평동4가 147-3 (서울 영등포구 양평로 108) 02 -2069-1991
186,신길1호,서울,영등포구,서울 영등포구 신길동 296-14 (서울 영등포구 도신로 108) 02 -833-6016
187,신길2호,서울,영등포구,서울 영등포구 신길7동 674 (서울 영등포구 여의대방로 177) 02 -849-0033
188,신풍역,서울,영등포구,서울 영등포구 신길동 445-2 (서울 영등포구 신길로 67(신길동)) 02 -835-1223
189,여의도,서울,영등포구,서울 영등포구 여의도동 44-31 (서울 영등포구 여의대방로 67길 11) 02 -769-1555
190,영등포1호,서울,영등포구,서울 영등포구 신길동 232-42 (서울 영등포구 신길로 167) 02 -841-7282
191,영등포역,서울,영등포구,서울 영등포구 영등포동3가 21-10 (서울 영등포구 영중로6길 16-1) 02 -2632-1992
192,동부이촌,서울,용산구,서울 용산구 이촌1동 301-153 오성상가 103 (서울 용산구 이촌로75길 22 오성상가 103 (이촌동)) 02 -795-4747
193,보광,서울,용산구,서울 용산구 보광동 217-13 (서울 용산구 장문로 81) 02 -3785-1991
194,숙대,서울,용산구,서울 용산구 청파동2가 90-11 (서울 용산구 청파로 47길 14) 02 -707-2577
195,신용산역,서울,용산구,서울 용산구 한강로2가 122-5 (서울 용산구 한강대로40길 13) 02 -792-8722
196,용문,서울,용산구,서울 용산구 용문동 28-26 (서울 용산구 새창로 108) 02 -702-2858
197,후암,서울,용산구,서울 용산구 후암동 244-59 (서울 용산구 후암로 28-1) 02 -757-3535
198,구산역,서울,은평구,서울 은평구 갈현동 464-14 (서울 은평구 연서로 157) 02 -352-9949
199,녹번,서울,은평구,서울 은평구 녹번동 82-47 (서울 은평구 서오릉로 26) 02 -359-9200
200,대조,서울,은평구,서울특별시 은평구 대조동 231 (서울 은평구 서오릉로 94) 02 -355-6173~4
201,불광1동,서울,은평구,"서울 은평구 불광동 554-1 라비앙프라자1층 101호 (서울 은평구 불광로 60 (불광동,라비앙프라자1층 101호)) 02 -354-8592"
202,신사1동,서울,은평구,서울 은평구 신사동 29-13 (서울 은평구 은평로 22) 02 -375-8295
203,역촌1호,서울,은평구,서울 은평구 역촌동 55-1 (서울 은평구 역말로 8) 02 -356-4326~7
204,연신내,서울,은평구,서울 은평구 불광동 484-72 (서울 은평구 통일로 866-1) 02 -382-1990
205,은평뉴타운,서울,은평구,"서울 은평구 진관동 22 은평뉴타운상가 914-103호 (서울특별시 은평구 진관3로 67 (진관동,은평뉴타운상가 914-103호)) 02 -359-9288"
206,응암1동,서울,은평구,서울 은평구 응암동 236-33 (서울 은평구 백련산로 85(응암동)) 02 -389-9327
207,응암오거리,서울,은평구,서울 은평구 응암동 595-51 (서울 은평구 응암로9길 13-1) 02 -303-6882
208,증산(서울),서울,은평구,서울 은평구 증산동 209-18 (서울 은평구 증산서길 65) 02 -376-9999
209,대학로,서울,종로구,서울 종로구 명륜동4가 113-1 (서울특별시 종로구 대학로11길 23) 02 -3672-9292
210,숭인,서울,종로구,서울 종로구 숭인2동 183-13 (서울 종로구 종로 385) 02 -765-5800
211,안국,서울,종로구,서울 종로구 화동 138-7 (서울 종로구 북촌로5길 43) 02 -734-9992
212,종로1호,서울,종로구,서울 종로구 관철동 13-13 (서울 종로구 종로12길 15) 02 -737-9292
213,평창,서울,종로구,서울 종로구 평창동 158-1 (서울 종로구 평창문화로 75) 02 -396-7942
214,동대문1호,서울,중구,서울 중구 창신동 464-6 (서울 종로구 종로 294) 02 -2231-9337
215,서울시청,서울,중구,서울 중구 태평로2가 55 (서울 중구 세종대로 18길 6) 02 -318-1992
216,신당1호,서울,중구,서울 중구 신당동 846 (서울 중구 다산로 42나길 46) 02 -2237-9952~3
217,약수,서울,중구,서울 중구 신당동 374-14 (서울 중구 다산로 137-1) 02 -2233-9917
218,망우본동,서울,중랑구,서울 중랑구 망우동 251-2 (서울 중랑구 양원역로 78) 02 -433-1993
219,면목1호,서울,중랑구,서울 중랑구 면목동 103-6 (서울 중랑구 겸재로 201) 02 -494-9962~3
220,면목2호,서울,중랑구,"서울 중랑구 면목2동 191-126 (서울 중랑구 중랑천로 50) 02 -494-6282,496-6282"
221,묵동,서울,중랑구,서울 중랑구 묵동 175-2 (서울 중랑구 동일로 920) 02 -948-1992
222,사가정역,서울,중랑구,서울 중랑구 면목동 496-14 (서울 중랑구 면목로 45길3-4) 02 -2207-6543
223,상봉1호,서울,중랑구,"서울 중랑구 상봉동 91-1 (서울시 중랑구 망우로 326) 02 -491-9738, 9"
224,신내1호,서울,중랑구,서울 중랑구 신내동 797 (서울 중랑구 신내로14길 21) 02 -2209-9980
225,중화,서울,중랑구,서울 중랑구 중화동 304-34 (서울 중랑구 동일로 129길 16) 02 -433-1992
226,국제신도시,부산,강서구,부산 강서구 명지동 3412-6 (부산 강서구 명지국제8로 246)
227,명지법원네오,부산,강서구,"부산 강서구 명지동 3432-1 2동 102호 (부산 강서구 명제국제2로 28번길 23, 2동 102호)"
228,명지신도시,부산,강서구,부산 강서구 명지동 3256-5 (부산 강서구 명지오션시티8로30번길 26)
229,신호,부산,강서구,부산 강서구 신호동 317-15 (부산 강서구 신호산단1로 76)
230,지사,부산,강서구,부산 강서구 지사동 1191-5 (부산 강서구 과학산단로 334번길 8)
231,구서1호,부산,금정구,부산 금정구 구서2동 1024-1 (부산 금정구 금강로565번길 25)
232,구서역,부산,금정구,부산 금정구 구서동 457-23 (부산 금정구 금강로 420)
233,남산1호,부산,금정구,"부산 금정구 남산동 99-6 (부산 금정구 금강로 678-1),9264"
234,부곡1호,부산,금정구,부산 금정구 부곡동 23-15 (부산 금정구 무학송로 127)
235,부곡2호,부산,금정구,부산 금정구 부곡1동 324-20 (부산 금정구 부곡로 92)
236,부산대,부산,금정구,부산 금정구 금강로 장전동 418-13 (부산 금정구 금강로 270)
237,서동1호,부산,금정구,부산 금정구 서동 210-6 (부산 금정구 서동로 182)
238,장전1호,부산,금정구,부산 금정구 장전동 134-19 (부산 금정구 금강로 335번길 48)
239,기장,부산,기장군,부산 기장군 기장읍 동부리 134-2 (부산 기장군 기장읍 차성로338번길 1층)
240,일광신도시,부산,기장군,부산 기장군 일광면 삼성리 833-4 (부산 기장군 일광면 해빛6로 43-19)
241,정관1호,부산,기장군,부산 기장군 정관읍 매학리 751-1 (부산 기장군 정관읍 구연로 22)
242,정관2호,부산,기장군,부산 기장군 모전리 747-7 (부산 기장군 정관읍 모전3길 2)
243,대연1호,부산,남구,부산 남구 대연동 1013-8 (부산 남구 유엔로 126-1)
244,대연2호,부산,남구,부산 남구 대연동 52-7 (부산 남구 용소로 13번길 26)
245,대연3호,부산,남구,부산 남구 대연동 1161-9 (부산 남구 석포로 83)
246,메트로시티1호,부산,남구,부산 남구 용호동 176-30 (부산 남구 분포로 113)
247,못골,부산,남구,부산 남구 대연동 1543-33 (부산 남구 진남로 78)
248,문현1호,부산,남구,부산 남구 문현동 359-5 (부산 남구 수영로 30-1)
249,문현2호,부산,남구,부산 남구 문현1동 127-56 (부산 남구 고동골로 68)
250,용호1호,부산,남구,부산 남구 용호동 555-19 (부산 남구 용호로 244-1)
251,용호2호,부산,남구,부산 남구 동명로 126 (부산 남구 동명로 126)
252,용호2호,부산,남구,부산 남구 용호동 396-1 (부산 남구 동명로 126)
253,범일1호,부산,동구,부산 동구 범일동 833-2 (부산 동구 조방로 49번길 10)
254,수정1호,부산,동구,부산 동구 수정동 844-25 (부산 동구 수정로 20-2)
255,초량,부산,동구,부산 동구 초량동 132-1 (부산 동구 초량상로 102)
256,명륜(부산),부산,동래구,부산 동래구 명륜1동 673-9 (부산 동래구 명륜로 177)
257,명장1호,부산,동래구,"부산 동래구 명장동 26-24번지 국제아파트 상가 106호 (부산 동래구 충렬사로 81, 국제파크 상가 106호),9345"
258,복천,부산,동래구,"부산 동래구 복천동 476-1 (부산 동래구 동래로 128),556-8592"
259,사직1호(부산),부산,동래구,부산 동래구 사직동 137-26 (부산 동래구 미남로 64)
260,사직2호,부산,동래구,부산 동래구 사직동 89-16 (부산 동래구 사직로 60)
261,수안,부산,동래구,부산 동래구 수안동 192-4 (부산 동래구 명륜로 78-1)
262,안락2호,부산,동래구,부산 동래구 안락동 670-13 (부산 동래구 안남로 77)
263,온천1호,부산,동래구,"부산 동래구 온천동 210-46 (부산 동래구 금강공원로 29-2),2017"
264,온천2호,부산,동래구,부산 동래구 온천동 1411-47 (부산 동래구 아시아드대로 212-1)
265,우방신세계,부산,동래구,부산 동래구 안락동 471-41 (부산 동래구 명장로 137-1)~8
266,가야,부산,부산진구,부산 부산진구 가야동 478 (부산 부산진구 엄광로 143)
267,개금1호,부산,부산진구,"부산 부산진구 개금동 2-1 (부산 부산진구 백양대로 208번길 90),6072"
268,개금2호,부산,부산진구,부산 부산진구 개금동 523-17 (부산 부산진구 복지로 22-2)
269,당감,부산,부산진구,"부산 부산진구 당감동 367-2 (부산 부산진구 동평로 46),9980"
270,범천,부산,부산진구,부산 부산진구 범천동 1278-11 (부산 부산진구 신암로 55-1)
271,부암1호,부산,부산진구,부산 부산진구 부암동 301-33 (부산 부산진구 동평로 184)
272,서면,부산,부산진구,부산 부산진구 부전동 266-24 (부산 부산진구 중앙대로 745-1)
273,양정,부산,부산진구,부산 부산진구 양정동 310-6 (부산 부산진구 연수로 13-1)
274,연지,부산,부산진구,부산 부산진구 연지동 40-12 (부산 부산진구 동평로 299)~2
275,전포1호,부산,부산진구,부산 부산진구 전포동 337-20 (부산 부산진구 전포대로 200번길 43)
276,초읍대공원,부산,부산진구,"부산 부산진구 초읍동 288-6 (부산 부산진구 새싹로 274-1),3498"
277,구포1호,부산,북구,"부산 북구 구포3동 1228-1 (부산 북구 시랑로101번길 38, A동 100호),5793"
278,구포2호,부산,북구,부산 북구 구포동 932-35 (부산 북구 백양대로 1061)
279,금곡(부산),부산,북구,부산 북구 금곡동 57-6 (부산 북구 효열로 228)
280,덕천2호,부산,북구,"부산 북구 덕천3동 781-2 (부산 북구 덕천로 135),343-3171"
281,덕천역,부산,북구,부산 북구 덕천동 402-12 (부산 북구 덕천2길 41)
282,만덕1호,부산,북구,부산 북구 만덕동 294 (부산 북구 만덕2로 3)
283,만덕2호,부산,북구,부산 북구 만덕3동 915-6 (부산 북구 만덕3로 44-1)
284,화명1호,부산,북구,부산 북구 화명동 749 (부산 북구 화명대로 108)
285,화명3호,부산,북구,"부산 북구 화명동 182-5(2층) (부산 북구 금곡대로 414, 2층)"
286,화명신도시,부산,북구,부산 북구 화명동 2266-1 (부산 북구 금곡대로 303번길 94)
287,괘법,부산,사상구,부산 사상구 괘법동 516-1 (부산 사상구 운산로 36)
288,덕포,부산,사상구,부산 사상구 덕포동 767-10 (부산 사상구 백양대로 770-1)
289,동서대,부산,사상구,부산 사상구 주례동 55-176 (부산 사상구 냉정로 125)
290,모라,부산,사상구,부산 사상구 모라동 1349-4 (부산 사상구 백양대로 937)
291,신주례,부산,사상구,"부산 사상구 주례2동 3-17 (부산 사상구 백양대로 328),324-2626"
292,엄궁,부산,사상구,"부산 사상구 엄궁동 40-94 (부산 사상구 엄궁북로 39),7598"
293,학장,부산,사상구,부산 사상구 학장동 산149-16 (부산 사상구 대동로 69)
294,괴정1호,부산,사하구,부산 사하구 괴정동 487-24 (부산 사하구 괴정로 288)
295,다대1호,부산,사하구,부산 사하구 다대동 926-7 (부산 사하구 윤공단로 140)
296,다대2호,부산,사하구,부산 사하구 다대동 1014 (부산 사하구 윤공단로75번길 43 102호)
297,당리괴정2호,부산,사하구,부산 사하구 괴정동 577-42 (부산 사하구 낙동대로 310)
298,신평1호,부산,사하구,부산 사하구 신평동 262-20 (부산 사하구 장평로 282)~4
299,장림,부산,사하구,부산 사하구 장림동 590 (부산 사하구 장평로 111)
300,하단1호,부산,사하구,부산 사하구 하단2동 506-15 (부산 사하구 낙동대로 512)~1
301,하단2호,부산,사하구,부산 사하구 하단동 605-42 (부산 사하구 동매로 31-1)
302,국제신도시,부산,서구,부산 강서구 명지동 3412-6 (부산 강서구 명지국제8로 246)
303,남부민,부산,서구,부산 서구 충무동2가 3-1 (부산 서구 천마로 224)
304,대신,부산,서구,부산 서구 서대신동1가 163-1 (부산 서구 대영로 30)~3
305,명지법원네오,부산,서구,"부산 강서구 명지동 3432-1 2동 102호 (부산 강서구 명제국제2로 28번길 23, 2동 102호)"
306,명지신도시,부산,서구,부산 강서구 명지동 3256-5 (부산 강서구 명지오션시티8로30번길 26)
307,송도감천,부산,서구,"부산 서구 암남동 64-2 상가동 108호,109호(암남동) (부산 서구 감천로 271, 상가동 108호,109호(암남동))"
308,신호,부산,서구,부산 강서구 신호동 317-15 (부산 강서구 신호산단1로 76)
309,아미부민,부산,서구,부산 서구 부민동1가 11-3 (부산 서구 보수대로 99)
310,지사,부산,서구,부산 강서구 지사동 1191-5 (부산 강서구 과학산단로 334번길 8)
311,광안1호,부산,수영구,부산 수영구 광안동 120-13 (부산 수영구 무학로 30-4)
312,광안2호,부산,수영구,"부산 수영구 광안동 168-3 (부산 수영구 수영로 538),756-2092"
313,망미1호,부산,수영구,부산 수영구 망미동 413-11 (부산 수영구 과정로 44-1)
314,민락(부산),부산,수영구,부산 수영구 민락동 165-15 (부산 수영구 광남로 196-1)
315,수영,부산,수영구,부산 수영구 수영동 503-23 (부산 수영구 수영로 735)
316,거제법조,부산,연제구,부산 연제구 거제동 891-14 (부산 연제구 아시아드대로 95)
317,시청(부산),부산,연제구,부산 연제구 거제3동 34-19 (부산 연제구 거제천로 147)
318,연산1호,부산,연제구,부산 연제구 연산동 479-9 (부산 연제구 과정로 133 1층)
319,연산2호,부산,연제구,부산 연제구 연산4동 578-1 삼익아파트 상가 101호 (부산 연제구 중앙대로 1164 삼익아파트 상가 101호)~1
320,연산3호,부산,연제구,부산 연제구 연산동 2133-48 (부산 연제구 연수로 199 1층)~2
321,대교남항,부산,영도구,부산 영도구 남항동1가 82 (부산 영도구 절영로 50)
322,동삼,부산,영도구,부산 영도구 동삼동 219-146 (부산 영도구 동삼로 105 1층)
323,봉래영선,부산,영도구,"부산 영도구 영선동1가 69-2, 69-3 (부산 영도구 한결길 12)"
324,청학,부산,영도구,부산 영도구 청학동 13-14 (부산 영도구 태종로 352)
325,남포부평,부산,중구,부산 중구 중앙동1가 23-6 (부산 중구 해관로 17-1)
326,영주대청,부산,중구,부산 중구 대청동4가 82-13 (부산 중구 중구로 70-1)
327,마린시티,부산,해운대구,"부산 해운대구 우동 1434-2 (부산 해운대구 마린시티1로 155(우동,해운대현대하이페리온))"
328,반송(부산),부산,해운대구,부산 해운대구 반송2동 216-150 (부산 해운대구 윗반송로 51)
329,반여1호,부산,해운대구,"부산 해운대구 반여동 1628-5 (부산 해운대구 반여로 108),1221"
330,센텀파크,부산,해운대구,부산 해운대구 센텀동로 102 117호 (부산 해운대구 센텀동로 102 117호)
331,송정(부산),부산,해운대구,부산 해운대구 송정동 227-7 (부산 해운대구 송정중앙로 34)
332,우동1호,부산,해운대구,부산 해운대구 우동 1090-13 (부산 해운대구 해운대로 381-3)~5
333,재송1호,부산,해운대구,부산 해운대구 반여동 1291-1019 (부산 해운대구 재반로 188)
334,재송2호,부산,해운대구,부산 해운대구 재송동 1083-10 (부산 해운대구 재송1로 77)
335,좌동1호,부산,해운대구,부산 해운대구 좌동 970 (부산 해운대구 세실로 104)
336,좌동2호,부산,해운대구,부산 해운대구 좌동 1341-8 (부산 해운대구 좌동순환로 57)
337,좌동3호,부산,해운대구,"부산 해운대구 좌동 1484-1 (부산 해운대구 세실로 45),9599"
338,해운대역,부산,해운대구,부산 해운대구 우동 639-4 (부산 해운대구 해운대로 604)
339,계명,대구,남구,대구시 남구 양지로 107 (대구 남구 양지로 107(대명동))
340,대명1호,대구,남구,대구 남구 대명동 1098-4 (대구 남구 대명로 60-1)
341,봉덕,대구,남구,대구 남구 봉덕동 687-32 (대구 남구 중앙대로 22길 119-2)
342,앞산,대구,남구,대구 남구 대명동 336-11 (대구 남구 대명로 208)
343,이천대봉,대구,남구,대구 남구 이천동 184-9 (대구 남구 대봉로38길 18)
344,감삼성당,대구,달서구,"대구 달서구 감삼동 317-3 (대구 달서구 장기로 186),622-9995"
345,대곡,대구,달서구,"대구 달서구 도원동 1442-2 1층 107호 (대구 달서구 도원로 42, 1층 107호)"
346,대곡2지구,대구,달서구,"대구 달서구 대곡동 1068 (대구 달서구 갈밭로 52, 104호, 105호)"
347,두류,대구,달서구,대구 달서구 두류동 620-12 (대구 달서구 야외음악당로 175 1층)
348,상인,대구,달서구,대구 달서구 상인동 1555-1 (대구 달서구 상화북로 180)
349,성서,대구,달서구,대구 달서구 신당동 1761-5 (대구 달서구 성서서로 367(신당동))
350,송현(대구),대구,달서구,대구 달서구 송현1동 207-2 (대구 달서구 월배로 430)
351,신월성,대구,달서구,"대구 달서구 월성동 1264번지 트럼프스타 B/D 106호 (대구 달서구 조암남로 42, 트럼프스타빌딩 106호)"
352,용산,대구,달서구,"대구 달서구 용산동 950-1 (대구 달서구 용산로 210),8"
353,용산새방,대구,달서구,대구 달서구 용산동 499-2 (대구 달서구 선원로 264)
354,월성,대구,달서구,대구 달서구 본동 1135-4 (대구 달서구 와룡로 1(본동))
355,장기,대구,달서구,"대구 달서구 장기동 826-6 (대구 달서구 장기로 57길 30), 0222"
356,진천(대구),대구,달서구,대구 달서구 진천동 504 (대구 달서구 진천로 48)
357,호산파호,대구,달서구,대구 달서구 호산동 357-116 (대구 달서구 호산동로 159(호산동))
358,구지,대구,달성군,대구 달성군 구지면 응암리 1204-2 (대구 달성군 구지면 과학마을로 3길 9)
359,논공,대구,달성군,대구 달성군 논공읍 북리 803-148 (대구 달성군 논공읍 논공로5길 178)
360,다사,대구,달성군,대구 달성군 다사읍 죽곡리 809-1 (대구 달성군 다사읍 대실역남로 10)
361,명곡,대구,달성군,대구 달성군 화원읍 명곡리 320-1 (대구 달성군 화원읍 명천로 240)
362,서재세천,대구,달성군,대구 달성군 다사읍 서재리 423-15 (대구 달성군 다사읍 서재로20길 1)
363,옥포(대구),대구,달성군,"대구 달성군 옥포읍 교항리 2911 (대구 달성군 옥포읍 돌미상업로1길 21-22 (121, 122호))"
364,테크노폴리스,대구,달성군,대구 달성군 유가면 봉리 606 하이젠스타 115호 (대구 달성군 유가면 테크노중앙대로 254 하이젠스타 115호)
365,화원,대구,달성군,대구 달성군 화원읍 천내리 241-1 (대구 달성군 화원읍 사문진로 433)
366,대구혁신,대구,동구,대구 동구 각산동 1098-5 102호 (대구 동구 이노밸리로46길 2 102호)
367,동구청,대구,동구,대구 동구 신암동 345-3 (대구 동구 신암남로 178)
368,동촌,대구,동구,"대구 동구 검사동 1111 (대구 동구 동촌로 100(검사동,태왕아너스르네상스))"
369,동호,대구,동구,대구 동구 동호동 384-7 (대구 동구 동호로 64(동호동))
370,방촌,대구,동구,대구 동구 방촌동 1118-121 (대구 동구 화랑로 415)
371,신천1호(대구),대구,동구,대구 동구 신천동 501-5 (대구 동구 송라로 87)
372,신천2호,대구,동구,"대구 동구 신청동 377-12 (대구 동구 동부로 30길 27),745-5363"
373,율하(대구),대구,동구,대구 동구 율하동 1311번지 102호 (대구 동부 율하서로 78 102호)
374,이시아,대구,동구,대구 동구 봉무동 1543 (대구 동구 팔공로51길 37(봉무동))
375,지묘,대구,동구,대구 동구 지묘동 808-3 (대구 동구 파계로 95(지묘동))
376,지저불로,대구,동구,대구 동구 지저동 833-15 (대구 동구 해동로 63)
377,관음,대구,북구,대구 북구 관음동 1383-9 (대구 북구 칠곡중앙대로 491)
378,구암,대구,북구,"대구 북구 태전동 1074-6 (대구 북구 태암남로 10),323-9969"
379,금호지구,대구,북구,대구 북구 사수동 912 (대구 북구 한강로 60-1)
380,도남지구,대구,북구,"대구 북구 국우동 592-1 (대구광역시 북구 도남길 16, 219동 108호)"
381,동서변,대구,북구,대구 북구 동변동 669-4 (대구 북구 동변로 91)
382,동천3지구,대구,북구,"대구 북구 동천동 906-3 (대구 북구 동천로 125-9),6551"
383,복현1호,대구,북구,대구 북구 복현동 426-5 (대구 북구 동북로 238)
384,복현2호,대구,북구,"대구 북구 복현동 539 -110 복현서한타운 상가 103호 (대구 북구 검단로 50, 서한1차아파트 상가 103호)"
385,산격,대구,북구,"대구 북구 산격동 1400-20 (대구 북구 대학로 69), 1102"
386,신암대현,대구,북구,대구 북구 대현동 153-4 (대구 북구 대현로 113-1)
387,연경,대구,북구,대구 북구 연경동 949-1 (대구 북구 연경지묘로 6(연경동))
388,원대노원,대구,북구,대구 북구 노원동3가 892-1 (대구 북구 팔달로 27길 81 1층)
389,읍내(대구),대구,북구,대구 북구 읍내동 1449 202동 103호 (대구 북구 관음로 295 202동 103호)
390,칠성고성,대구,북구,대구 북구 칠성동2가 42-9 (대구 북구 호암로 6)
391,침산,대구,북구,"대구 북구 침산동 457-31 (대구 북구 성북로 1),9905"
392,태전(대구),대구,북구,대구 북구 태전동 155-35 (대구 북구 태전로 29)
393,팔달매천,대구,북구,"대구 북구 매천동 682 (대구 북구 매전로 2-1),9920"
394,학정,대구,북구,대구 북구 학정동 282-14 (대구 북구 학정로 537)
395,감삼성당,대구,서구,"대구 달서구 감삼동 317-3 (대구 달서구 장기로 186),622-9995"
396,내당,대구,서구,"대구 서구 내당동 219-7 (대구 서구 달구벌대로 1795-1), 555-9981"
397,달성비산,대구,서구,대구 서구 비산동 440-5 (대구 서구 달서로 139-1)
398,대곡,대구,서구,"대구 달서구 도원동 1442-2 1층 107호 (대구 달서구 도원로 42, 1층 107호)"
399,대곡2지구,대구,서구,"대구 달서구 대곡동 1068 (대구 달서구 갈밭로 52, 104호, 105호)"
400,두류,대구,서구,대구 달서구 두류동 620-12 (대구 달서구 야외음악당로 175 1층)
401,상인,대구,서구,대구 달서구 상인동 1555-1 (대구 달서구 상화북로 180)
402,성서,대구,서구,대구 달서구 신당동 1761-5 (대구 달서구 성서서로 367(신당동))
403,송현(대구),대구,서구,대구 달서구 송현1동 207-2 (대구 달서구 월배로 430)
404,신월성,대구,서구,"대구 달서구 월성동 1264번지 트럼프스타 B/D 106호 (대구 달서구 조암남로 42, 트럼프스타빌딩 106호)"
405,용산,대구,서구,"대구 달서구 용산동 950-1 (대구 달서구 용산로 210),8"
406,용산새방,대구,서구,대구 달서구 용산동 499-2 (대구 달서구 선원로 264)
407,월성,대구,서구,대구 달서구 본동 1135-4 (대구 달서구 와룡로 1(본동))
408,장기,대구,서구,"대구 달서구 장기동 826-6 (대구 달서구 장기로 57길 30), 0222"
409,진천(대구),대구,서구,대구 달서구 진천동 504 (대구 달서구 진천로 48)
410,평리,대구,서구,대구 서구 평리동 1217-2 (대구 서구 국채보상로 266)
411,호산파호,대구,서구,대구 달서구 호산동 357-116 (대구 달서구 호산동로 159(호산동))
412,만촌1호,대구,수성구,대구 수성구 만촌동 849-2 (대구 수성구 달구벌대로 2614)
413,만촌2호,대구,수성구,대구 수성구 만촌1동 1326-32 (대구 수성구 동원로28길 15(만촌동))~1
414,범물,대구,수성구,"대구 수성구 범물동 1374-4 (대구 수성구 범안로 58, 1층)"
415,범어1호,대구,수성구,대구 수성구 범어동 203-18 (대구 수성구 달구벌대로 496길17)
416,범어2호,대구,수성구,대구 수성구 범어동 478-12 (대구 수성구 상록로 43)
417,수성(대구),대구,수성구,대구 수성구 수성동4가 1022-11 (대구 수성구 들안로 341)
418,시지1호,대구,수성구,"대구 수성구 매호동 1328-12 (대구광역시 수성구 천을로 157-1),9927"
419,시지2호,대구,수성구,대구 수성구 시지동 489-2 (대구 수성구 시지로 40)
420,시지3호,대구,수성구,대구 수성구 신매동 593-4 (대구 수성구 신매로 30-1)
421,중동,대구,수성구,대구 수성구 중동 258-3 (대구 수성구 수성로 203-1)~2
422,파동,대구,수성구,"대구 수성구 상동 380-2 (대구 수성구 수성로 72), 766-5419"
423,황금,대구,수성구,대구 수성구 황금동 843-1 (대구 수성구 동대구로 149)
424,남산,대구,중구,"대구 중구 남산동 94-25 (대구 중구 남산로17길 10),3"
425,중앙(대구),대구,중구,대구 중구 남일동 33-9 (대구 중구 중앙대로 417-2)
426,강화,인천,강화군,인천 강화군 강화읍 갑곳리 199-1 (인천 강화군 강화읍 강화대로 342)
427,계산1호,인천,계양구,인천 계양구 계산동 1081-10 (인천 계양구 오조산로 57번길 15)
428,계산2호,인천,계양구,"인천 계양구 계산동 61-2 (인천 계양구 계산새로 25, 성일빌딩 1층 1호)"
429,계산3호,인천,계양구,인천 계양구 계산동 942-30 (인천 계양구 계양대로205번길 23)
430,임학박촌,인천,계양구,"인천 계양구 박촌동 52-3 (인천 계양구 장제로 1013),556-3999"
431,작전1호,인천,계양구,인천 계양구 작전동 149-1 (인천 계양구 장제로 672)
432,효성1호,인천,계양구,"인천 계양구 효성1동 21-11 현대아파트 상가동 101호, 102호, 103호 (인천 계양구 길마로 70 현대아파트 상가동 101호, 102호, 103호)~2"
433,효성2호,인천,계양구,인천 계양구 효성2동 273-3 (인천 계양구 안남로 486-2)
434,관교,인천,남구,인천 남구 관교동 321-5 (인천 남구 인하로 404-2)~5
435,용현2동,인천,남구,인천 남구 용현동 558-32 (인천 남구 낙섬중로 96 1층)
436,용현5동,인천,남구,인천 남구 용현동 630-45 (인천 남구 토금남로 12(용현동))
437,주안1호,인천,남구,인천 남구 주안동 1523-2 (인천 남구 인하로 346)~3
438,주안2호,인천,남구,인천 남구 도화동 432-2 (인천 남구 경인로 306)
439,주안3호,인천,남구,인천 남구 주안동 929-11 (인천 남구 경원대로 898)
440,학익1호,인천,남구,인천 남구 학익동 293-37 (인천 남구 한나루로 420)~4
441,간석1호,인천,남동구,"인천 남동구 구월동 70-80 (인천 남동구 용천로97번길 3),6764"
442,구월,인천,남동구,인천 남동구 구월동 1133-13 (인천 남동구 미래로 39 더클래스)
443,구월아시아드,인천,남동구,"인천 남동구 구월동 1517-2 (인천 남동구 인하로 629(구월동,원준프라자))"
444,논현1호(인천),인천,남동구,인천 남동구 논현동 620-8 (인천 남동구 논고개로 123번길 42)
445,논현에코메트로,인천,남동구,"인천 남동구 논현동 752-1 (인천 남동구 소래역남로22 (103호, 104호))"
446,만수1호,인천,남동구,인천 남동구 만수동 1045 103호 (인천 남동구 담방로21번길 23)
447,만수2호,인천,남동구,인천 남동구 만수동 1118-2 (인천 남동구 만수서로 62)
448,만수3호,인천,남동구,인천 남동구 간석3동 921-14 (인천 남동구 백범로 258)
449,만수역,인천,남동구,인천 남동구 만수동 886-35 (인천 남동구 구월로 341)
450,서창,인천,남동구,인천 남동구 서창동 706 (인천 남동구 서창 남순환로 216번길 35)
451,소래포구,인천,남동구,인천 남동구 논현동 671-3 (인천 남동구 소래역로 46)
452,간석1호,인천,동구,"인천 남동구 구월동 70-80 (인천 남동구 용천로97번길 3),6764"
453,구월,인천,동구,인천 남동구 구월동 1133-13 (인천 남동구 미래로 39 더클래스)
454,구월아시아드,인천,동구,"인천 남동구 구월동 1517-2 (인천 남동구 인하로 629(구월동,원준프라자))"
455,논현1호(인천),인천,동구,인천 남동구 논현동 620-8 (인천 남동구 논고개로 123번길 42)
456,논현에코메트로,인천,동구,"인천 남동구 논현동 752-1 (인천 남동구 소래역남로22 (103호, 104호))"
457,만수1호,인천,동구,인천 남동구 만수동 1045 103호 (인천 남동구 담방로21번길 23)
458,만수2호,인천,동구,인천 남동구 만수동 1118-2 (인천 남동구 만수서로 62)
459,만수3호,인천,동구,인천 남동구 간석3동 921-14 (인천 남동구 백범로 258)
460,만수역,인천,동구,인천 남동구 만수동 886-35 (인천 남동구 구월로 341)
461,서창,인천,동구,인천 남동구 서창동 706 (인천 남동구 서창 남순환로 216번길 35)
462,소래포구,인천,동구,인천 남동구 논현동 671-3 (인천 남동구 소래역로 46)
463,송현(인천),인천,동구,인천 동구 송림동 234-1 (인천 동구 송림로 17)
464,갈산삼산지구,인천,부평구,인천 부평구 갈산동 55-8 (인천 부평구 평천로 368)
465,부개3동,인천,부평구,"인천 부평구 부개동 12-176 (인천 부평구 길주남로 128),513-9982"
466,부평1호,인천,부평구,인천 부평구 부평동 451-30 (인천 부평구 부평대로 115)
467,부평2호,인천,부평구,인천 부평구 부평동 889-8 (인천 부평구 길주남로 31)
468,부평역,인천,부평구,인천 부평구 부평동 192-14 (인천 부평구 시장로 31)
469,산곡1호,인천,부평구,인천 부평구 산곡동 369-270 (인천 부평구 마장로 153)~2
470,산곡2호,인천,부평구,인천 부평구 청천동 259-15 ()
471,산곡3호,인천,부평구,인천 부평구 산곡2동 251-1 (인천 부평구 마장로 250)
472,삼산(부평),인천,부평구,인천 부평구 삼산동 433-1 (인천 부평구 충선로 311번길 25-23)
473,십정1호,인천,부평구,인천 부평구 십정동 440-11 (인천 부평구 백범로468번길 7-2)
474,청천,인천,부평구,인천 부평구 청천동 14-8 (인천 부평구 마장로 463)
475,가정루원시티,인천,서구,인천 서구 가정동 614-14 (인천 서구 염곡로 498번안길 25)
476,가좌,인천,서구,인천 서구 가좌동 30-78 (인천 서구 원적로 100번길 18)
477,검단1호,인천,서구,"인천 서구 검단로 왕길동 637-1 (인천 서구 검단로 459번길 7-3 (106,107호))"
478,검단신도시1호,인천,서구,인천 서구 이음5로 34 (인천 서구 이음5로 34)
479,검암,인천,서구,"인천 서구 검암동 626-2번지 태건프라자 105호 (인천 서구 승학로 452, 태건프라자 105호)"
480,당하,인천,서구,인천 서구 마전동 585 (인천 서구 마전동 완정로 18번지 102호)
481,불로원당,인천,서구,"인천 서구 당하동 1033-3 조이빌 103 (인천 서구 원당대로 882 조이빌 103호),2113"
482,석남가정,인천,서구,인천 서구 가정동 505-4 (인천 서구 원창로 215)
483,연희1호(인천),인천,서구,인천 서구 심곡동 257-15 (인천 서구 심곡로 34)
484,청라호수공원,인천,서구,인천 서구 청라동 152-15 (인천 서구 크리스탈로 84)
485,동춘,인천,연수구,인천 연수구 동춘동 934-1 (인천 연수구 앵고개로 264번길 10-11 1층)
486,선학연수3호,인천,연수구,인천 연수구 선학동 406-2 (인천 연수구 학나래로 118번길 29)
487,송도1호,인천,연수구,"인천 연수구 송도동 21-59 302동 102호 (인천 연수구 컨벤시아대로 70, 302동 102호)"
488,송도8공구,인천,연수구,인천 연수구 송도동 316 (인천 연수구 센트럴로 415)
489,송도드림시티,인천,연수구,"인천 연수구 송도동 3-2 (인천 연수구 컨벤시아대로 81 드림씨티(122,123호))"
490,송도캠퍼스타운,인천,연수구,인천 연수구 송도동 155(송도아메리칸타운파크) (인천 연수구 송도과학로27번길 15(송도아메리칸타운파크))
491,연수중앙,인천,연수구,인천 연수구 연수동 626 (인천 연수구 샘말로44번길 2)
492,옥련,인천,연수구,인천 연수구 옥련동 194-4 (인천 연수구 독배로 35)
493,공항신도시,인천,중구,인천 중구 운서동 2801-3 (인천 중구 신도시남로 150번길 6)~1
494,영종하늘도시,인천,중구,인천 중구 중산동 1884-4 (인천 중구 하늘중앙로 195번길 24(중산동))
495,운서,인천,중구,인천 중구 운서동 2913-3 (인천 중구 넙디로 60)
496,선운지구,광주,광산구,광주 광산구 선암동 777 (광주 광산구 선운로 7)
497,소촌우산,광주,광산구,광주 광산구 소촌동 244-6 (광주 광산구 소촌로 152번길 30)
498,송정1호,광주,광산구,광주 광산구 도산동 1143 (광주 광산구 도산로 10)
499,수완1호,광주,광산구,"광주 광산구 장덕동 1479번지 1층 (광주 광산구 장신로19번안길 29-2, 1층)"
500,수완2호,광주,광산구,광주 광산구 수완동 1126 (광주 광산구 수완로 67)
501,신가,광주,광산구,광주 광산구 신가동 974-6 (광주 광산구 신가삼효로 8-13)
502,신창,광주,광산구,광주 광산구 신창동 1236-1 (광주 광산구 신창로 104 105호)
503,운남1호,광주,광산구,광주 광산구 월곡2동 683-1 (광주 광산구 풍영로 47)~1
504,첨단1호,광주,광산구,광주 광산구 산월동 884-2 (광주광역시 광산구 첨단중앙로68번길 134 첨단3-3차 호반리젠시빌아파트상가 2동 103호)~3
505,첨단2호,광주,광산구,광주 광산구 쌍암동 655-4번지 (광주 광산구 첨단중앙로170번길 12)~3
506,첨단중앙,광주,광산구,광주 광산구 월계동 887-3 (광주 광산구 첨단중앙로106번길 29)
507,하남1호,광주,광산구,광주 광산구 산정동 977-13 (광주 광산구 월곡산정로 13-1)
508,하남2지구,광주,광산구,광주 광산구 산정동 1039 (광주 광산구 용아로 379번길 55)
509,노대효천,광주,남구,광주 남구 노대동 819 (광주 남구 효우로 136)
510,백운,광주,남구,광주 남구 서동 71-15 (광주 남구 중앙로 66)
511,봉선1호,광주,남구,광주 남구 주월1동 1253-4 (광주 남구 봉선중앙로 135-1)
512,봉선2호,광주,남구,광주 남구 봉선동 164-1 (광주 남구 봉선2로 85)
513,주월,광주,남구,광주 남구 월산동 1034-17 (광주 남구 군분로 58)
514,진월,광주,남구,"광주 남구 진월동 426-1 (광주 남구 수문대로 629),"
515,계림,광주,동구,광주 동구 대인동 319-6 (광주 동구 동계천로 12-1)
516,조선대,광주,동구,광주 동구 지산동 500번지 (광주 동구 지산로 21 (지산동))
517,학동,광주,동구,"광주 동구 학동 735-16 (광주 동구 의재로 22),0092"
518,두암1호,광주,북구,광주 북구 두암2동 826-50 (광주 북구 군왕로 154)
519,매곡,광주,북구,광주 북구 매곡동 334-5 (광주 북구 하백로 15)
520,문흥1호,광주,북구,"광주 북구 문흥동 980-15 (광주 북구 문산로 86-1),264-9990"
521,양산1호,광주,북구,"광주 북구 양산동 877-1 1층 (광주 북구 양산로 48, 1층)"
522,연제,광주,북구,광주 북구 연제동 41-3 (광주 북구 양일로 54)
523,오치,광주,북구,광주 북구 오치동 785-4 (광주 북구 설죽로 306)
524,운암1호,광주,북구,광주 북구 운암3동 1051-5 (광주 북구 북문대로 158)~4
525,운암2호(광주),광주,북구,광주 북구 운암동 운암동 130-1 (광주 북구 비엔날레로 29)
526,일곡1호,광주,북구,"광주 북구 일곡동 834-11 (광주 북구 송해로 60),572-7893"
527,전남대,광주,북구,광주 북구 용봉동 157-20 (광주 북구 호동로 43번길 38)
528,첨단신용,광주,북구,광주 북구 신용동 693 (광주 북구 첨단 연신로 91번길 38 107호)
529,금호,광주,서구,광주 서구 쌍촌동 881번지 (광주 서구 화정로 1)
530,농성1호,광주,서구,광주 서구 화정동 178-128 (광주 서구 군분2로 21-2)
531,동천(광주),광주,서구,광주 서구 동천동 598 (광주 서구 하남대로 680번길 2)
532,마재,광주,서구,"광주 서구 금호동 813 대주파크빌상가 124동 114호, 115호 (광주 서구 화개1로24번길 9 대주파크빌상가 124동 114호, 115호)"
533,상무1호,광주,서구,광주 서구 치평동 1258 (광주 서구 상무연하로 22)
534,쌍촌1호,광주,서구,광주 서구 쌍촌동 147 (광주 서구 내방로 231)~6
535,풍암1호,광주,서구,광주 서구 풍암동 1111-2 (광주 서구 풍암1로 11)
536,화정1호(광주),광주,서구,광주 서구 화정동 824-16 (광주 서구 월드컵4강로 70)
537,화정2호,광주,서구,"광주 서구 농성동 666-1 1층 113,114호 (광주 서구 화정로 259 1층 113,114호)"
538,법동,대전,대덕구,대전 대덕구 중리동 385-26 (대전 대덕구 중리로 48)
539,송촌1호,대전,대덕구,대전 대덕구 송촌동 454-4 (대전 대덕구 송촌북로 20번길 27-17)
540,신탄진,대전,대덕구,대전 대덕구 석봉동 309-1 (대전 대덕구 대덕대로 1550)
541,한남대,대전,대덕구,대전 대덕구 한남로 오정동 223-260 (대전 대덕구 한남로 12번길 19-9)
542,가오천동,대전,동구,대전 동구 가오동 235-12 (대전 동구 대전로 446)
543,낭월,대전,동구,대전 동구 낭월동 370 (대전 동구 산내로 1333)
544,비래,대전,동구,대전 동구 가양동 88-1 조일아파트상가 A동 (대전 동구 충정로 5 조일아파트상가 A동)
545,용운,대전,동구,"대전 동구 용운동 306-3 (대전 동구 용운로 156),9040"
546,자양대동,대전,동구,대전 동구 대동 192-1 (대전 동구 동대전로 93)
547,가장내동,대전,서구,대전 서구 가장동 50-45 (대전 서구 가장로 129)
548,갈마1호,대전,서구,대전 서구 갈마동 394-29 (대전광역시 서구 갈마로 75)
549,관저느리울,대전,서구,"대전 서구 관저동 1354 (대전 서구 관저동로 65),8599"
550,도마1호,대전,서구,대전 서구 도마동 114-19 (대전 서구 배재로 88)
551,도안2지구,대전,서구,대전 서구 가수원동 1036 (대전 서구 도안동로11번길 16)
552,둔산1호,대전,서구,"대전 서구 둔산2동 1093 (대전 서구 갈마역로 22, 101호),486-9949"
553,둔산2호,대전,서구,대전 서구 둔산동 1851 (대전 서구 둔산로 238)
554,만년,대전,서구,대전 서구 만년동 316 (대전 서구 만년로 67번길 34-26)
555,복수,대전,서구,대전 서구 복수동 622 (대전 서구 복수동로 63)
556,월평1호,대전,서구,대전 서구 월평동 525 (대전 서구 월평로 71)
557,탄방,대전,서구,대전 서구 탄방동 1007 (대전 서구 탄방로7번길 85)
558,관저1호,대전,유성구,대전 유성구 원내동 829 외 1필지 (대전 유성구 계백로 963)
559,관평,대전,유성구,대전 유성구 관평동 1056 (대전 유성구 관평1로 67)
560,노은1지구,대전,유성구,대전 유성구 노은동 553-9 스타돔 120호 (대전 유성구 노은로 71 스타돔 120호) 042-823 - 2255
561,노은2지구,대전,유성구,대전 유성구 지족동 985-2 (대전 유성구 지족로 355)
562,도안1지구,대전,유성구,대전 유성구 상대동 469-9 (대전 유성구 상대동로 50)
563,송강,대전,유성구,"대전 유성구 봉산동 198-13 (대전 유성구 봉산로 36),9250"
564,신성,대전,유성구,대전 유성구 신성동 137-15 (대전 유성구 신성로 80-1)
565,유성,대전,유성구,대전 유성구 봉명동 621-1 (대전 유성구 문화원로 90)~7
566,전민,대전,유성구,대전 유성구 문지동 635-8 (대전 유성구 문지로 315번길2)
567,한밭대,대전,유성구,대전 유성구 덕명동 592-6 (대전 유성구 동서대로179번길 71)
568,대사부사,대전,중구,대전 중구 대사동 69-53 (대전 중구 충무로 116)
569,대흥,대전,중구,대전 중구 대흥동 204-3 (대전 중구 중앙로 130번길 9)
570,문화1호,대전,중구,"대전 중구 문화동 466-16 (대전 중구 천근로 21),7757"
571,용두오류,대전,중구,대전 중구 오류동 153-27 (대전 중구 계룡로 874번길 31)
572,중촌목동,대전,중구,대전 중구 중촌동 12-5 (대전 중구 목중로 26번길 53)
573,태평1호,대전,중구,대전 중구 유천동 326-13 (대전 중구 태평로 22(유천동))
574,공업탑,울산,남구,울산 남구 신정동 1224-9 (울산 남구 봉월로 59번길 14-1)
575,달동,울산,남구,울산 남구 달동 135-2 (울산 남구 신정로30번길 18)
576,무거1호,울산,남구,울산 남구 무거동 1484-2 (울산 남구 삼호로 6)
577,삼산(울산),울산,남구,울산 남구 달동 1266-9 (울산 남구 왕생로 27)
578,삼산2호,울산,남구,울산 남구 삼산동 203-15 (울산 남구 남중로 92)
579,수암,울산,남구,울산 남구 야음동 692-6 (울산 남구 수암로 165)
580,신정3동(구 신정3호점),울산,남구,울산 남구 신정3동 177-1 (울산 남구 월평로 68-1)
581,야음1호,울산,남구,울산 남구 야음동 715-3 (울산 남구 중앙로 20)
582,야음2호,울산,남구,울산 남구 야음1동 455-8 (울산 남구 수암로 259-1)
583,옥동(울산),울산,남구,울산 남구 옥동 584-11 (울산 남구 문수로 321번길 1)
584,울대,울산,남구,울산 남구 무거동 623-6 (울산 남구 대학로 44)
585,남목서부,울산,동구,"울산 동구 서부동 113-33 (울산 동구 명덕3길 13), 8997"
586,방어,울산,동구,울산 동구 방어동 1087-9 (울산 동구 꽃바위로 265)~6
587,전하,울산,동구,울산 동구 전하2동 634-4 (울산 동구 진성13길 90)
588,화정,울산,동구,울산 동구 일산동 581-36 (울산 동구 대학길 177)
589,강동산하,울산,북구,울산 북구 산하동 89 (울산 북구 산하중앙2로 281)
590,송정지구,울산,북구,울산 북구 송정동 407 (울산 북구 송정16길 20)
591,양정염포,울산,북구,울산 북구 양정동 497-11 (울산 북구 염포로 477-2)
592,진장명촌,울산,북구,울산 북구 명촌동 692-3 (울산 북구 명촌13길 46(명촌동))
593,호계1호(울산),울산,북구,울산 북구 호계동 286-15 (울산 북구 동대로 37)
594,호계2호,울산,북구,울산 북구 신천동 107-4 (울산시 북구 신천로 53-2)
595,화봉,울산,북구,울산 북구 연암동 414-3 (울산 북구 상방로 130)
596,교동(울산),울산,울주군,울산 울주군 삼남면 교동리 1578-1 (울산 울주군 삼남면 교동로 126)
597,구영,울산,울주군,울산 울주군 범서읍 구영리 801-6 (울산 울주군 범서읍 구영로 128)
598,남창,울산,울주군,울산 울주군 온양읍 대안리 179-10 (울산 울주군 온양읍 온양로 175)
599,덕신,울산,울주군,울산 울주군 덕신리 1294-2 (울산 울주군 온산읍 온덕2길 18)
600,덕하,울산,울주군,울산 울주군 상남리 818-17 (울산 울주군 청량읍 상남길 46)
601,언양,울산,울주군,울산 울주군 언양읍 남부리 256-2 (울산 울주군 언양읍 옛장터1길 34)
602,웅촌,울산,울주군,울산 울주군 청량면 삼정리 755-1 가동 216호 (울산 울주군 청량면 삼정로 92-3 가동 216호)
603,천상,울산,울주군,울산 울주군 범서읍 천상리 650-5 (울산 울주군 범서읍 천상중앙길 104)
604,다운,울산,중구,울산 중구 다운동 536-1 (울산 중구 다운로 40)
605,반구1호,울산,중구,울산 중구 반구동 874-3 (울산 중구 염포로 70)
606,반구2호,울산,중구,울산 중구 반구동 99-17 (울산 중구 화합로 415)~3
607,복산,울산,중구,울산 중구 복산동 399-12 (울산 중구 계변로 89-1)
608,성안,울산,중구,울산 중구 성안동 804-10 (울산 중구 백양로 13)
609,약사병영,울산,중구,울산 중구 약사동 629-17 (울산 중구 평산1길 2)
610,옥교,울산,중구,울산 중구 학산동 3-27 (울산 중구 구교로 64)
611,우정,울산,중구,"울산 중구 우정동 436-41 (울산 중구 우정2길 25),9292"
612,우정혁신,울산,중구,울산 중구 유곡동 473-8 (울산 중구 종가2길 2-1(유곡동))
613,태화,울산,중구,울산 중구 태화동 117-2 (울산 중구 신기길 128(태화동))
614,한솔,세종,한솔동,세종 한솔동 927 (세종 노을3로 104 한솔빌딩 106호 (한솔동))
615,도담,세종,도담동,세종 도담동 655 해피라움7동 (세종 한누리대로 589 해피라움7동)
616,세종아름,세종,아름동,"세종 아름동 1363 (세종 보듬3로 73(아름동,범지기마을11단지))"
617,보람,세종,보람동,세종시 보람동 628-4 (세종시 호려울로 51)
618,고운,세종,고운동,세종 고운동 1718 (세종 마음로 78 104호)
619,조치원1호,세종,조치원읍,세종 조치원읍 죽림리 21-1 삼일아파트 상가 109호 (세종 조치원읍 충현로 72 삼일아파트 상가 109호)
620,다정,세종,다정동,세종특별자치시 다정동 363-10 (세종특별자치시 다정남로 130)
621,가평,경기,가평군,경기 가평군 가평읍 대곡리 168-5 (경기 가평군 가평읍 가화로 55-10)
622,청평,경기,가평군,경기 가평군 청평면 청평리 452-5 (경기 가평군 청평면 청평중앙로 17)
623,현리,경기,가평군,경기 가평군 하면 현리 259-7 (경기 가평군 하면 조종희망로 26)
624,고양동,경기,고양시 덕양구,"경기 고양시 덕양구 고양동 176-8 104호 (경기 고양시 덕양구 동헌로 461, 104호)"
625,삼송,경기,고양시 덕양구,"경기도 고양시 덕양구 신원동 626-1 1층 상가 5~6호 (경기 고양시 덕양구 신원로 18(신원동, 1층 상가 5~6호)) 02 -381-1991"
626,원당,경기,고양시 덕양구,경기 고양시 덕양구 성사동 519-2 (경기 고양시 덕양구 호국로 838)
627,원흥,경기,고양시 덕양구,경기 고양시 덕양구 도내동 966 (경기 고양시 덕양구 도래울로 110)
628,행신1호,경기,고양시 덕양구,경기 고양시 덕양구 행신동 995-2 (경기 고양시 덕양구 중앙로 547)
629,행신역,경기,고양시 덕양구,경기 고양시 덕양구 행신동 708-3 (경기 고양시 덕양구 무원로 6번길 21)
630,향동지구,경기,고양시 덕양구,경기 고양시 덕양구 향동동 460-6 (경기 고양시 덕양구 꽃내음2길 84) 02 -3159-1991
631,화정1호(고양),경기,고양시 덕양구,"경기 고양시 덕양구 화정동 906-5 1층 102호 (경기 고양시 덕양구 은빛로 61, 1층 102호)"
632,화정역,경기,고양시 덕양구,"경기 고양시 덕양구 화정동 979-2 (경기 고양시 덕양구 화신로260번길 31(화정동,백양빌딩))"
633,강선,경기,고양시 일산동구,경기 고양시 일산동구 정발산동 687-5 (경기 고양시 일산동구 대산로11번길 23-1(정발산동))
634,밤가시후곡,경기,고양시 일산동구,경기 고양시 일산동구 정발산동 1093 (경기 고양시 일산서구 일산로 486)
635,백마강촌,경기,고양시 일산동구,경기 고양시 일산동구 마두동 753-3 (경기 고양시 일산동구 일산로 245)
636,백송,경기,고양시 일산동구,"경기 고양시 일산동구 백석동 1225 중앙프라자 103호 (경기 고양시 일산동구 강송로 115, 중앙프라자 103호)"
637,식사,경기,고양시 일산동구,경기 고양시 일산동구 식사동 1531 (경기 고양시 일산동구 위시티2로 11번길)
638,중산,경기,고양시 일산동구,경기 고양시 일산동구 중산동 1667-3 (경기 고양시 일산동구 고봉로278번길 16)
639,풍동,경기,고양시 일산동구,"경기 고양시 일산동구 풍동 1273-5 (경기 고양시 일산동구 숲속마을로 50-70(풍동,영진프라자))"
640,호수,경기,고양시 일산동구,경기 고양시 일산동구 백석동 1414-15 (경기 고양시 일산동구 호수로 446번길 73-3)
641,구일산,경기,고양시 일산서구,경기 고양시 일산서구 일산동 967-6 (경기 고양시 일산서구 원일로 21)
642,대화,경기,고양시 일산서구,"경기 고양시 일산서구 대화동 2126-2 (동남빌딩 101호) (경기 고양시 일산서구 대산로 212, 동남빌딩 101호)"
643,주엽,경기,고양시 일산서구,"경기 고양시 일산서구 주엽2동 138 애비뉴상가 1층 1068호 (경기 고양시 일산서구 중앙로 1493, 애비뉴상가 1층)"
644,킨텍스,경기,고양시 일산서구,"경기 고양시 일산서구 대화동 2606 (경기 고양시 일산서구 한류월드로 300(대화동,원마운트))"
645,탄현,경기,고양시 일산서구,경기 고양시 일산서구 탄현동 1562-5 (경기 고양시 일산서구 일현로 31)
646,과천1호,경기,과천시,경기 과천시 원문동 4 레미안 슈르 A상가(4번지)동 제1층 1023호 (경기 과천시 별양로 28 A상가(4번지)동 제1층 1023호) 02 -503-9952
647,과천역,경기,과천시,경기 과천시 부림동 49 (경기 과천시 별양로 164 (과천센트럴파크푸르지오써밋 상가 1층)) 02 -3679-1991
648,광명1호,경기,광명시,경기 광명시 광명동 158-1015 (경기 광명시 오리로 998-1) 02 -2615-9114
649,광명역,경기,광명시,"경기 광명시 일직동 511-5번지 대호M스퀘어 102호, 103호 (경기 광명시 신기로 21 대호M스퀘어 102호, 103호) 02 -897-1991"
650,소하1호,경기,광명시,경기 광명시 소하동 1240-1 (경기 광명시 기아로 20) 02 -897-2140
651,소하2호,경기,광명시,경기 광명시 소하동 1342-1 (경기 광명시 소하로92번길 6-9) 02 -899-1338
652,철산1호,경기,광명시,경기 광명시 철산동 210-1 (경기 광명시 시청로 41) 02 -2060-6761
653,철산2호,경기,광명시,경기 광명시 철산동 92-1 (경기 광명시 시청로 110) 02 -2060-7743
654,철산역,경기,광명시,경기 광명시 철산동 429 (경기 광명시 오리로854번길 16-7) 02 -2685-5800
655,하안1호,경기,광명시,"경기 광명시 하안동 35-5, 영보빌딩 102호 (경기 광명시 하안로287번길 17, 영보빌딩 102호) 02 -806-2004"
656,곤지암,경기,광주시,경기 광주시 곤지암읍 곤지암리 443-9 (경기 광주시 곤지암읍 경충대로 617)
657,광주1호,경기,광주시,경기 광주시 경안동 154-1 (경기 광주시 문화로 101번길 2)
658,신현,경기,광주시,경기 광주시 오포읍 신현리 371-4 (경기 광주시 오포읍 신현로 120)
659,양벌,경기,광주시,경기 광주시 오포읍 양벌리 290-3 (경기 광주시 오포읍 양벌로 188)
660,초월,경기,광주시,경기 광주시 초월읍 경충대로 1255 (경기 광주시 초월읍 대쌍령리 191-5)
661,태전(경기광주),경기,광주시,경기 광주시 태전동 261-14 (경기 광주시 태봉로 26)
662,회덕,경기,광주시,경기 광주시 목현동 1-2 (경기 광주시 이배재로 150)
663,갈매,경기,구리시,"경기 구리시 갈매동 608-1 101호, 102호 (경기 구리시 산마루로 18 101호, 102호)"
664,수택,경기,구리시,경기 구리시 수택동 433-49 (경기 구리시 안골로 98)
665,인창,경기,구리시,경기 구리시 인창동 344-7 (경기 구리시 건원대로 51)
666,토평,경기,구리시,경기 구리시 토평동 999-2 (경기 구리시 검배로 126)
667,금정역,경기,군포시,경기 군포시 산본동 236-2 (경기 군포시 산본천로 194(산본동))
668,당동1호,경기,군포시,경기 군포시 당동 917-4 103호(중앙프라자) (경기 군포시 고산로250번길 12 103호(중앙프라자))
669,부곡(군포),경기,군포시,"경기 군포시 부곡동 1120-4 (경기 군포시 번영로28번길 37-20(부곡동,덕원프라자))"
670,산본1호,경기,군포시,경기 군포시 산본동 1151 (경기 군포시 고산로515)
671,산본사거리,경기,군포시,경기 군포시 산본동 1060 산본타운 2층 (경기 군포시 고산로 695(산본동))
672,산본역,경기,군포시,경기 군포시 산본동 1132-2 (경기 군포시 산본로 323번길 10-34)
673,호계3호,경기,군포시,경기 군포시 당정동 2-3 (경기 군포시 엘에스로 13)~7
674,구래,경기,김포시,경기 김포시 구래동 6883-1 (경기 김포시 김포한강9로 76번길 87)
675,북변,경기,김포시,경기 김포시 감정동 529-3 (경기 김포시 중봉1호 17)
676,사우,경기,김포시,"경기 김포시 사우동 998 (경기 김포시 돌문로 66, 1층)"
677,양곡,경기,김포시,경기 김포시 양촌읍 양곡리 1302-2 (경기 김포시 양촌읍 양곡2로60번길 28-18)
678,운양,경기,김포시,경기 김포시 운양동 1297-6 승문리앤포레 1차 1층 (경기 김포시 김포한강11로 310 승문리앤포레 1차 1층)
679,장기1호,경기,김포시,"경기 김포시 장기동 1911-4 (경기 김포시 김포한강1로 77-30, 101호)"
680,통진1호,경기,김포시,경기 김포시 통진읍 서암리 758-79 (경기 김포시 통진읍 서암로94번길 6)
681,풍무,경기,김포시,경기 김포시 풍무동 191-2 (경기 김포시 풍무로146번길 52-5(풍무동))
682,다산신도시1호,경기,남양주시,경기 남양주시 다산동 산3006-2 (경기 남양주시 다산순환로 397-125(다산동))
683,다산신도시2호,경기,남양주시,경기 남양주시 다산동 6030-2 (경기 남양주시 다산중앙로172번길 42)
684,덕소1호,경기,남양주시,경기 남양주시 와부읍 덕소리 141-91 (경기 남양주시 와부읍 수레로 44 1층)
685,도농1호,경기,남양주시,경기 남양주시 다산동 608 (경기 남양주시 가운로 21)
686,마석,경기,남양주시,경기 남양주시 화도읍 마석우리 384-8 (경기 남양주시 화도읍 마석로 100)
687,별내2호,경기,남양주시,경기 남양주시 별내동 846-7 (경기 남양주시 덕송2로6번길 16-48)
688,별내역,경기,남양주시,경기 남양주시 별내동 1006-1 (경기 남양주시 별내중앙로 30)
689,오남,경기,남양주시,경기 남양주시 오남읍 오남리 205-19 (경기 남양주시 오남읍 진건오남로 647)
690,진건,경기,남양주시,경기 남양주시 진건읍 사능리 353-4 (경기 남양주시 진건읍 사릉로 390)
691,진접장현리,경기,남양주시,경기 남양주시 진접읍 장현리 672-1 (경기 남양주시 진접읍 봉현로 14)
692,진접지구,경기,남양주시,경기 남양주시 진접읍 금곡리 1041-1 (경기 남양주시 진접읍 해밀예당2로 119)
693,창현,경기,남양주시,경기 남양주시 화도읍 창현리 731-3 (경기 남양주시 화도읍 경춘로창벌2길 34-24)
694,퇴계원,경기,남양주시,경기 남양주시 퇴계원면 퇴계원리 290-14 (경기 남양주시 퇴계원면 퇴계원로 33)
695,평내,경기,남양주시,경기 남양주시 평내동 582-5 (경기 남양주시 경춘로 1286번안길 22)
696,호평,경기,남양주시,경기 남양주시 호평동 656-1 (경기 남양주시 호평로46번안길 12-3(호평동))
697,생연,경기,동두천시,"경기 동두천시 생연동 689-28 (경기 동두천시 중앙로 220(생연동,쎈츄럴시티))"
698,송내(동두천),경기,동두천시,"경기 동두천시 지행동 694 예일 복합타워 114호 (경기 동두천시 중앙로 134-12, 예일복합타워 114호)"
699,괴안,경기,부천시 소사구,경기 부천시 소사구 괴안동 39-2 (경기 부천시 소사구 범안로 2)
700,송내(부천),경기,부천시 소사구,경기 부천시 소사구 송내1동 366-13 (경기 부천시 소사구 경인로 67)
701,심곡1호,경기,부천시 소사구,"경기 부천시 소사구 심곡본동 678-17 (경기 부천시 소사구 성주로 257-1),611-9278"
702,고강1호,경기,부천시 오정구,경기 부천시 오정구 고강1동 305-4 (경기 부천시 오정구 원종로 111)
703,원종도당,경기,부천시 오정구,경기 부천시 오정구 원종1동 281-15 (경기 부천시 오정구 소사로 740)~3
704,복사골,경기,부천시 원미구,경기 부천시 원미구 중동 716-4 (경기 부천시 원미구 중동로 169)
705,상동1호,경기,부천시 원미구,"경기 부천시 원미구 상2동 546-6 110호 (경기 부천시 원미구 소향로 25, 110호)"
706,상동역,경기,부천시 원미구,"경기 부천시 원미구 상동 523-3 대동프라자 1층 107호 (경기 부천시 원미구 도약로 25, 대동프라자 1층 107호)"
707,송내로데오,경기,부천시 원미구,경기 부천시 원미구 상동 400-2 (경기 부천시 원미구 상일로 86)
708,신중동,경기,부천시 원미구,경기 부천시 원미구 중동 1147-1 (경기 부천시 원미구 중동로 262번길 40)
709,역곡2동,경기,부천시 원미구,경기 부천시 원미구 역곡동 48-5 (경기 부천시 원미구 부일로 696)
710,중동2호,경기,부천시 원미구,경기 부천시 원미구 중4동 1033-3 (경기 부천시 원미구 길주로 199)
711,중동꿈마을,경기,부천시 원미구,"경기 부천시 원미구 심곡동 93-1 (경기 부천시 원미구 부흥로 373번길 78 114, 115호)"
712,동판교,경기,성남시 분당구,경기 성남시 분당구 삼평동 664 (경기 성남시 분당구 판교역로 192번길 12)
713,무지개마을,경기,성남시 분당구,경기 성남시 분당구 구미동 212-2 (경기 성남시 분당구 미금로 22번길 8)
714,미금,경기,성남시 분당구,경기 성남시 분당구 구미동 50-2 (경기 성남시 분당구 미금일로 86번길 12-6)
715,분당효자,경기,성남시 분당구,경기 성남시 분당구 서현동 333-1 (경기 성남시 분당구 서현로 373)
716,서판교,경기,성남시 분당구,경기 성남시 분당구 판교동 612-3 (경기 성남시 분당구 운중로 243번길 14)
717,서현,경기,성남시 분당구,"경기 성남시 분당구 서현동 89-7, 삼성한신근린상가 (경기 성남시 분당구 중앙공원로 39번길 7, 1층 121호)"
718,수내1호,경기,성남시 분당구,경기 성남시 분당구 수내동 32 양지마을청구아파트 (경기 성남시 분당구 내정로 165번길 38 (양지마을청구아파트))
719,아름마을,경기,성남시 분당구,"경기 성남시 분당구 야탑동 533-8, 미라보상가 1층 7호 (경기 성남시 분당구 판교로 445, 미라보상가 1층 7호)"
720,야탑1호,경기,성남시 분당구,경기 성남시 분당구 야탑동 272-4 (경기 성남시 분당구 벌말로 40번길 3)
721,야탑역,경기,성남시 분당구,경기 성남시 분당구 야탑동 376-13 (경기 성남시 분당구 장미로 92번길 2)
722,정자,경기,성남시 분당구,경기 성남시 분당구 정자동 17-5 (경기 성남시 분당구 성남대로 349 시그마타워)
723,고등,경기,성남시 수정구,경기 성남시 수정구 고등동 595-11 (경기 성남시 수정구 청계산로 2길 15)
724,성남위례,경기,성남시 수정구,"경기 성남시 수정구 창곡동 547-8 (경기 성남시 수정구 위례광장로 21-8 세움빌딩 1,2호)"
725,수진1호,경기,성남시 수정구,"경기 성남시 수정구 수진동 88번지 102호 (경기 성남시 수정구 제일로 148, 102호)"
726,신흥1호,경기,성남시 수정구,경기 성남시 수정구 신흥동 34 (경기 성남시 수정구 수정로 273)
727,태평1동,경기,성남시 수정구,경기 성남시 수정구 태평동 6147-2 (경기 성남시 수정구 성남대로 1258)
728,금광1호,경기,성남시 중원구,경기 성남시 중원구 금광동 2706 (경기 성남시 중원구 자혜로 82-1)
729,모란역,경기,성남시 중원구,경기 성남시 중원구 성남동 3249 (경기 성남시 중원구 광명로22)
730,은행1호(성남),경기,성남시 중원구,경기 성남시 중원구 은행동 663-3 (경기 성남시 중원구 산성대로 572)
731,곡반정,경기,수원시 권선구,경기 수원시 권선구 곡반정동 584-4 (경기 수원시 권선구 동수원로 58번길 18)
732,권선1호,경기,수원시 권선구,경기 수원시 권선구 권선동 1260-5 (경기 수원시 권선구 권광로 54)
733,금곡1호,경기,수원시 권선구,"경기 수원시 권선구 금곡동 1088-1 (경기 수원시 권선구 금곡로118번길 10, 114호,115호)"
734,매교,경기,수원시 권선구,경기 수원시 권선구 세류동 97-5 (경기 수원시 권선구 효원로 94번길 9)
735,오목고색,경기,수원시 권선구,경기 수원시 권선구 오목천동 314-20 (경기 수원시 권선구 삼천병마로 1598번길 48)
736,탑동(수원),경기,수원시 권선구,경기 수원시 권선구 서둔동 240-5 (경기도 수원 권선구 서둔로 266)
737,호매실,경기,수원시 권선구,"경기 수원시 권선구 금곡동 1137-3 (경기 수원시 권선구 금호로 73-5, 1층)"
738,광교1호,경기,수원시 영통구,경기 수원시 영통구 이의동 1332 CB 4~5호 (경기 수원시 영통구 센트럴타운로 85)
739,매탄1호,경기,수원시 영통구,경기 수원시 영통구 매탄동 1170-4 (경기 수원시 영통구 매탄로 45)
740,매탄2호,경기,수원시 영통구,경기 수원시 영통구 매탄2동 199-69 (경기 수원시 영통구 매영로 53(매탄동))
741,매탄3호,경기,수원시 영통구,경기 수원시 영통구 매탄4동 208-21 (경기 수원시 영통구 매탄로 184)
742,신동1호,경기,수원시 영통구,경기 수원시 영통구 신동 935-3 (경기 수원시 영통구 권선로 908번길 52-22)
743,신영통1호,경기,수원시 영통구,경기 수원시 영통구 망포동 381-2 (경기 수원시 영통구 태장로 77)
744,영통1호,경기,수원시 영통구,경기 수원시 영통구 영통동 1005-1 (경기 수원시 영통구 반달로 38)
745,영통2호,경기,수원시 영통구,경기 수원시 영통구 영통동 952-5 (경기 수원시 영통구 영통로 501번길 28-1)
746,연무1호,경기,수원시 장안구,경기 수원시 장안구 연무동 249-13 (경기 수원시 장안구 월드컵로 420-2)
747,영화,경기,수원시 장안구,"경기 수원시 장안구 영화동 425-3 (경기 수원시 장안구 장안로 26(영화동,영진빌딩))"
748,율전1호,경기,수원시 장안구,경기 수원시 장안구 율전동 298-8 (경기 수원시 장안구 서부로2123번길 34-3)
749,정자1호,경기,수원시 장안구,경기 수원시 장안구 정자동 41-2 (경기 수원시 장안구 장안로 111)
750,정자2호,경기,수원시 장안구,"경기 수원시 장안구 천천동 502-6, 1층 (경기 수원시 장안구 정자로 28(천천동), 1층)"
751,조원1호,경기,수원시 장안구,경기 수원시 장안구 조원동 742-9 (경기 수원시 조원로 71)
752,파장,경기,수원시 장안구,경기 수원시 장안구 송죽동 216-1 (경기 수원시 장안구 경수대로 998)
753,수원역,경기,수원시 팔달구,"경기 수원시 팔달구 고등동 86-4 (경기 수원시 팔달구 갓매산로 58(고등동,장영빌딩))"
754,아주대,경기,수원시 팔달구,"경기 수원시 팔달구 우만동 85-3 우만동R타워 (경기 수원시 팔달구 중부대로239번길 5(우만동,우만동R타워))"
755,우만1호,경기,수원시 팔달구,경기 수원시 팔달구 우만동 481 (경기 수원시 팔달구 월드컵로 357번길 3)
756,인계,경기,수원시 팔달구,경기 수원시 팔달구 인계동 1118-12 (경기 수원시 팔달구 인계로166번길 51 1층)
757,화서1호,경기,수원시 팔달구,"경기 수원시 팔달구 화서동 703 꽃뫼양지마을(대우아파트) 상가 105, 106호 (경기 수원시 팔달구 수성로 101번길 20, 꽃뫼양지마을(대우아파트) 상가 105, 106호)~6"
758,화서2호,경기,수원시 팔달구,경기 수원시 팔달구 화서동 185-3 (경기 수원시 팔달구 화양로 25(화서동))
759,거모,경기,시흥시,경기 시흥시 거모동 1757-1 (경기 시흥시 군자로 507)
760,거북섬,경기,시흥시,경기 시흥시 정왕동 2720-6 (경기 시흥시 거북섬4길 16)
761,능곡,경기,시흥시,경기 시흥시 능곡동 545 (경기 시흥시 승지로 69)
762,매화,경기,시흥시,경기 시흥시 매화동 853-3 (경기 시흥시 매화마을1길 15)
763,목감신도시2호,경기,시흥시,경기 시흥시 조남동 657-2 (경기 시흥시 목감남서로 9-15(조남동))
764,목감역,경기,시흥시,경기 시흥시 목감동 410-2 (경기 시흥시 남왕길 48)
765,배곧신도시1호,경기,시흥시,"경기 시흥시 정왕동 2475 에이플러스 115, 116호 (경기 시흥시 배곧4로 18 에이플러스 115, 116호)"
766,배곧신도시2호,경기,시흥시,"경기 시흥시 정왕동 2536 (경기 시흥시 서울대학로264번길 44-4(정왕동,에스프라자))"
767,신천1호(시흥),경기,시흥시,경기 시흥시 신천동 707-50 (경기 시흥시 대골안길 92)
768,월곶,경기,시흥시,"경기도 시흥시 월곶동 1015-1 (경기 시흥시 월곶중앙로 53, 1층)"
769,은계,경기,시흥시,"경기 시흥시 은행동 645-5 (경기 시흥시 은계번영길 28(은행동,은계디스퀘어))"
770,은행1호(시흥),경기,시흥시,경기 시흥시 대야동 580-4 (경기 시흥시 은행로 166)
771,장곡,경기,시흥시,"경기 시흥시 장곡동 823-5, 동서빌딩 (경기도 시흥시 장곡로 19 동서빌딩)"
772,장현,경기,시흥시,경기 시흥시 장현동 516-1 (경기 시흥시 장현순환로 170)
773,정왕1호,경기,시흥시,경기 시흥시 정왕동 1593-2 (경기 시흥시 봉우재로 16)
774,정왕2호,경기,시흥시,경기 시흥시 정왕동 1859-3 (경기 시흥시 옥구상가2길 12)
775,정왕3호,경기,시흥시,경기 시흥시 정왕동 1728-12 (경기 시흥시 서촌상가2길 9)
776,고잔1호,경기,안산시 단원구,경기 안산시 단원구 고잔동 756-1 (경기 안산시 단원구 민속공원로 90)
777,고잔2호,경기,안산시 단원구,경기 안산시 단원구 와동 720-13 (경기 안산시 단원구 와동1로 49)
778,선부1호,경기,안산시 단원구,경기 안산시 단원구 선부동 1070-2 (경기 안산시 단원구 선부광장로 17)~8
779,선부2호,경기,안산시 단원구,경기 안산시 단원구 선부동 1142-7 (경기 안산시 단원구 달미로 79)
780,원곡1호,경기,안산시 단원구,경기 안산시 단원구 원곡동 754-6 (경기 안산시 단원구 원곡로 58)~6
781,중앙(안산),경기,안산시 단원구,"경기 안산시 단원구 고잔동 540-7 (경기 안산시 단원구 고잔1길 66, 1층)"
782,초지역,경기,안산시 단원구,경기 안산시 단원구 초지동 592 (경기 안산시 단원구 화랑로 160)
783,반월,경기,안산시 상록구,경기 안산시 상록구 건건동 650-1 (경기 안산시 상록구 건건3길 5)
784,본오1호,경기,안산시 상록구,경기 안산시 상록구 본오동 879-10 (경기 안산시 상록구 샘골로 157)
785,본오2호,경기,안산시 상록구,경기 안산시 상록구 본오동 857-8 (경기 안산시 상록구 석호로 348)
786,부곡(안산),경기,안산시 상록구,경기 안산시 상록구 부곡동 670-2 (경기 안산시 상록구 부곡로 107)
787,사동1호,경기,안산시 상록구,경기 안산시 상록구 사동 1172 (경기 안산시 상록구 한양대학로 15)
788,사동2호,경기,안산시 상록구,경기 안산시 상록구 사동 1418-6 (경기 안산시 상록구 항가울로 10-1)~6
789,월피,경기,안산시 상록구,"경기 안산시 상록구 월피동 442-26, 1층 (경기 안산시 상록구 충장로 584, 1층)"
790,일동,경기,안산시 상록구,경기 안산시 상록구 일동 89-3 (경기 안산시 상록구 구룡로 19-1)~4
791,공도1호,경기,안성시,경기 안성시 공도읍 만정리 417-98 (경기 안성시 공도읍 공도로 68)
792,안성1호,경기,안성시,경기 안성시 연지동 94 (경기 안성시 안성맞춤대로 1092)
793,안성2호,경기,안성시,경기 안성시 인지동 390-35 (경기 안성시 안성맞춤대로 1030-1(인지동))
794,안성중앙대,경기,안성시,경기 안성시 대덕면 내리 678-8 (경기 안성시 대덕면 대학3길 29 )
795,진사리,경기,안성시,경기 안성시 공도읍 진사리 20-30 (경기 안성시 공도읍 진사길 25)
796,관양,경기,안양시 동안구,경기 안양시 동안구 관양동 1724-1 (경기 안양시 동안구 동편로20번길 9)
797,비산1호,경기,안양시 동안구,경기 안양시 동안구 비산동 566-7 (경기 안양시 동안구 경수대로 899)
798,평촌1호,경기,안양시 동안구,경기 안양시 동안구 평촌동 917-9 (경기 안양시 동안구 귀인로190번길 49(평촌동))
799,평촌3호,경기,안양시 동안구,경기 안양시 동안구 비산동 1059 층 A동 103호 (경기 안양시 동안구 관악대로 272 1층 A동 103호)
800,호계1호(안양),경기,안양시 동안구,경기 안양시 동안구 호계2동 927-2 (경기 안양시 동안구 귀인로 104)
801,박달사거리,경기,안양시 만안구,경기 안양시 만안구 박달동 85-15 (경기 안양시 만안구 박달로 508)
802,석수1호,경기,안양시 만안구,경기 안양시 만안구 석수1동 177-6 (경기 안양시 만안구 경수대로 1207)
803,안양1번가,경기,안양시 만안구,경기 안양시 만안구 안양동 674-241 (경기 안양시 만안구 장내로 143번길 34)
804,안양1호,경기,안양시 만안구,경기 안양시 만안구 안양동 711-317 (경기 안양시 만안구 장내로 95)~3
805,안양2호,경기,안양시 만안구,경기 안양시 만안구 안양동 473-4 (경기 안양시 만안구 현충로 45)~5
806,고읍1호,경기,양주시,"경기 양주시 광사동 657 (경기 양주시 고읍남로 23, 103호)"
807,다산신도시1호,경기,양주시,경기 남양주시 다산동 산3006-2 (경기 남양주시 다산순환로 397-125(다산동))
808,다산신도시2호,경기,양주시,경기 남양주시 다산동 6030-2 (경기 남양주시 다산중앙로172번길 42)
809,덕계(양주),경기,양주시,경기 양주시 덕계동 698-5 (경기 양주시 평화로 1409(덕계동))
810,덕소1호,경기,양주시,경기 남양주시 와부읍 덕소리 141-91 (경기 남양주시 와부읍 수레로 44 1층)
811,덕정1호,경기,양주시,경기 양주시 덕정동 240-27 (경기 양주시 고암길 358)
812,도농1호,경기,양주시,경기 남양주시 다산동 608 (경기 남양주시 가운로 21)
813,마석,경기,양주시,경기 남양주시 화도읍 마석우리 384-8 (경기 남양주시 화도읍 마석로 100)
814,백석(양주),경기,양주시,경기 양주시 백석읍 복지리 168-3 (경기 양주시 백석읍 호명로 38)
815,별내2호,경기,양주시,경기 남양주시 별내동 846-7 (경기 남양주시 덕송2로6번길 16-48)
816,별내역,경기,양주시,경기 남양주시 별내동 1006-1 (경기 남양주시 별내중앙로 30)
817,오남,경기,양주시,경기 남양주시 오남읍 오남리 205-19 (경기 남양주시 오남읍 진건오남로 647)
818,옥정,경기,양주시,"경기 양주시 옥정동 966-1 (101호, 102호) (경기 양주시 옥정동로7다길 62 101호, 201호)"
819,진건,경기,양주시,경기 남양주시 진건읍 사능리 353-4 (경기 남양주시 진건읍 사릉로 390)
820,진접장현리,경기,양주시,경기 남양주시 진접읍 장현리 672-1 (경기 남양주시 진접읍 봉현로 14)
821,진접지구,경기,양주시,경기 남양주시 진접읍 금곡리 1041-1 (경기 남양주시 진접읍 해밀예당2로 119)
822,창현,경기,양주시,경기 남양주시 화도읍 창현리 731-3 (경기 남양주시 화도읍 경춘로창벌2길 34-24)
823,퇴계원,경기,양주시,경기 남양주시 퇴계원면 퇴계원리 290-14 (경기 남양주시 퇴계원면 퇴계원로 33)
824,평내,경기,양주시,경기 남양주시 평내동 582-5 (경기 남양주시 경춘로 1286번안길 22)
825,호평,경기,양주시,경기 남양주시 호평동 656-1 (경기 남양주시 호평로46번안길 12-3(호평동))
826,양평,경기,양평군,경기 양평군 양평읍 양근리 183-4 (경기 양평군 양평읍 시민로 44)
827,여주1호,경기,여주군,경기 여주군 하동 405-4 (경기도 여주군 우암로 38)~6
828,여주대,경기,여주군,경기 여주군 여주읍 점봉리 (경기 여주시 세종로 355(점봉동))
829,오학,경기,여주군,경기 여주군 오학동 산45-7 (경기 여주군 도예로 87-1)
830,전곡,경기,연천군,경기 연천군 전곡읍 전곡리 302-11 (경기 연천군 전곡읍 온골로 43번길 3)
831,궐동,경기,오산시,경기 오산시 궐동 650-1 (경기 오산시 궐리사로 82)
832,세마수청,경기,오산시,경기 오산시 수청동 618-1 (경기 오산시 내삼미로79번길 27)
833,운암2호(오산),경기,오산시,"경기 오산시 오산동 919-3, 102호 (경기 오산시 운암로 117, 102호)"
834,원동,경기,오산시,"경기 오산시 오산동 881-7 (경기 오산시 오산로 199 동양프라자 101호, 102호)~8"
835,강남대,경기,용인시 기흥구,경기 용인시 기흥구 구갈동 594 강남피아 (경기 용인시 기흥구 강남동로 10 강남피아)
836,구갈2지구,경기,용인시 기흥구,경기 용인시 기흥구 구갈동 353-3 (경기 용인시 기흥구 구갈로 72번길 18)
837,구성1호,경기,용인시 기흥구,경기 용인시 기흥구 마북동 370-9 (경기 용인시 기흥구 구성로 19)
838,동백1호,경기,용인시 기흥구,경기 용인시 기흥구 동백동 614-5 (경기 용인시 기흥구 평촌1로 1번길 7)
839,보라,경기,용인시 기흥구,경기 용인시 기흥구 보라동 581-2 (경기 용인시 기흥구 한보라2로 14번길 4-16)
840,보정,경기,용인시 기흥구,경기 용인시 기흥구 보정동 1204-4 (경기 용인시 기흥구 죽전로 43번길 11-23)
841,용인서천,경기,용인시 기흥구,경기 용인시 기흥구 농서동 436-3 (경기 용인시 기흥구 서천동로91번길 4-4)
842,흥덕,경기,용인시 기흥구,경기 용인시 기흥구 영덕동 994-3 (경기 용인시 기흥구 흥덕2로65번길 20-15(영덕동))
843,동천1호,경기,용인시 수지구,경기 용인시 수지구 동천동 941-7 (경기 용인시 수지구 동천로113번길 5)
844,상현1호,경기,용인시 수지구,경기 용인시 수지구 상현동 3-4 (경기 용인시 수지구 만현로20)
845,상현역,경기,용인시 수지구,경기 용인시 수지구 상현동 1160 (경기 용인시 수지구 광교호수로360번길 2)
846,성복,경기,용인시 수지구,경기 용인시 수지구 성복동 162-3 (경기 용인시 수지구 성복2로 100)
847,수지1지구,경기,용인시 수지구,"경기 용인시 수지구 풍덕천동 29-10 (경기 용인시 수지구 수지로342번길 17(풍덕천동,에덴프라자))~9"
848,수지2지구,경기,용인시 수지구,경기 용인시 수지구 풍덕천동 697 (경기 용인시 수지구 정평로 102)
849,죽전,경기,용인시 수지구,경기 용인시 수지구 죽전동 1151 (경기 용인시 수지구 탄천상로 7 (101호))~1
850,남사,경기,용인시 처인구,경기 용인시 처인구 남사면 아곡리 702 (경기 용인시 처인구 남사면 한숲로58번길 16)
851,둔전,경기,용인시 처인구,경기 용인시 처인구 포곡읍 둔전리 400-2 (경기 용인시 처인구 포곡읍 포곡로 79)
852,양지,경기,용인시 처인구,경기 용인시 처인구 양지리 454-2 (경기 용인시 처인구 양지면 교동로 8)
853,용인1호,경기,용인시 처인구,경기 용인시 처인구 김량장동 293-24 (경기 용인시 처인구 중부대로 1355)
854,용인2호,경기,용인시 처인구,경기 용인시 처인구 마평동 657-14 (경기 용인시 처인구 금령로 141)
855,용인모현,경기,용인시 처인구,경기도 용인시 처인구 처인구 모현읍 왕산리 794-20 (경기도 용인시 처인구 모현읍 백옥대로 2384번길 21-31)
856,내손갈뫼,경기,의왕시,경기 의왕시 내손1동 755-4 명성프라자 (경기 의왕시 계원대학로 28)~5
857,백운호수,경기,의왕시,경기 의왕시 학의동 1093-4 (경기 의왕시 백운호수로3길 14)
858,오전고천,경기,의왕시,경기 의왕시 오전동 276-1 (경기 의왕시 경수대로 292 114호)~1
859,의왕역,경기,의왕시,경기 의왕시 장안남북로1길 7 (경기 의왕시 삼동 598-3)
860,인덕원,경기,의왕시,"경기 의왕시 포일동 662 (경기 의왕시 포일세거리로 3, 파레사타워 102호)"
861,포일내손,경기,의왕시,경기 의왕시 내손동 669-4 (경기 의왕시 복지로 100-1)
862,금오,경기,의정부시,경기 의정부시 금오동 473-4 (경기 의정부시 부용로 105)
863,녹양,경기,의정부시,경기 의정부시 가능동 92-51 (경기 의정부시 서부로 743)
864,민락(의정부),경기,의정부시,경기 의정부시 민락동 834-3 (경기 의정부시 오목로 225번길 89-41)
865,민락2호,경기,의정부시,경기 의정부시 민락동 902-1 (경기 의정부시 용민로 473)
866,신곡,경기,의정부시,경기 의정부시 신곡동 484 (경기 의정부시 능곡로 26번길 23)~6
867,신곡2호,경기,의정부시,"경기 의정부시 신곡동 703-9 (경기 의정부시 발곡로3번길, 1)"
868,용현1호,경기,의정부시,경기 의정부시 용현동 18-15 (경기 의정부시 충의로 37)~2
869,의정부역,경기,의정부시,경기 의정부시 의정부동 140-3 미래프라자 1층 (경기도 의정부시 의정부동 평화로 512 미래프라자 1층)
870,장암,경기,의정부시,경기 의정부시 신곡동 362-4 (경기 의정부시 동일로466번길 55)
871,호원1호,경기,의정부시,경기 의정부시 호원동 466-15 (경기 의정부시 평화로 156)
872,회룡역,경기,의정부시,경기 의정부시 호원동 426 (경기 의정부시 평화로 375)
873,이천1호,경기,이천시,경기 이천시 영창로 242 (경기 이천시 영창로 242)
874,이천관고,경기,이천시,경기 이천시 관고동 504-6 (경기 이천시 설봉로 7(관고동))
875,이천마장,경기,이천시,경기 이천시 마장면 오천리 444-1 (경기 이천시 마장면 중앙로 6번길 12)
876,이천하이닉스,경기,이천시,경기 이천시 부발읍 아미리 678-11 (경기 이천시 부발읍 경충대로2050번길 15-60)
877,증포,경기,이천시,경기 이천시 증포동 177-21 (경기 이천시 이섭대천로 1370)
878,가람마을,경기,파주시,경기 파주시 와동동 1557-1 (경기 파주시 가람로 47)
879,교하신도시,경기,파주시,경기 파주시 다율동 1001-6 (경기 파주시 순못길 7)
880,금촌1호,경기,파주시,경기 파주시 금촌동 51-8 (경기 파주시 아동로 10)
881,금촌로데오,경기,파주시,경기 파주시 금촌동 986-2 (경기 파주시 금빛로 27)
882,문산,경기,파주시,경기 파주시 문산읍 방촌로 1729 (경기 파주시 문산읍 당동리 888-6)
883,봉일천,경기,파주시,경기 파주시 조리읍 봉일천리 142-3 (경기 파주시 조리읍 고봉로 1032)
884,산내마을,경기,파주시,경기 파주시 목동동 937 (경기 파주시 청암로17번길 41)
885,운정1호,경기,파주시,경기 파주시 동패동 1758 (경기 파주시 와석순환로 135)
886,갈곶고현,경기,평택시,경기 평택시 갈곶리 239-48 (경기 평택시 진위면 엘지로 55-59)
887,고덕1호(평택),경기,평택시,경기 평택시 고덕면 여염리 4434-2 (경기 평택시 고덕여염12길 40)
888,동삭1호,경기,평택시,경기 평택시 동삭동 704-4 (경기 평택시 비전2로 30)
889,비전1호,경기,평택시,경기 평택시 비전동 829-1 (경기 평택시 평택5로114번길 12(비전동))
890,비전2호,경기,평택시,경기 평택시 비전동 790-3 (경기 평택시 평택2로 111-1)
891,세교,경기,평택시,"경기 평택시 세교동 181-8 (경기 평택시 세교로5 101, 103)"
892,소사벌,경기,평택시,"경기 평택시 비전동 1015 엘도라도 시티 104호, 105호 (경기 평택시 만세로 1845 엘도라도 시티 104호, 105호)"
893,송탄1호,경기,평택시,경기 평택시 이충동 664-4 (경기 평택시 이충로 49-31)
894,송탄2호,경기,평택시,경기 평택시 지산동 714-11 (경기 평택시 지산로 59)
895,안중1호,경기,평택시,경기 평택시 안중읍 현화리 47 (경기 평택시 안중읍 안현로서8길 57)
896,청북,경기,평택시,경기 평택시 청북읍 옥길리 1158-3 (경기 평택시 청북읍 안청로 346)
897,팽성1호,경기,평택시,경기 평택시 팽성읍 안정리 20-31 (경기 평택시 팽성읍 안정로95번길 2)
898,포승1호,경기,평택시,경기 평택시 도곡리 1142-16 (경기 평택시 포승읍 여술로 33-1)
899,송우,경기,포천시,경기 포천시 소흘읍 송우리 729-3 파크프라자 1층 (경기 포천시 소흘읍 송우로 75)
900,포천,경기,포천시,경기 포천시 신읍동 47-10 (경기 포천시 구절초로 44)~3
901,덕풍1호,경기,하남시,경기 하남시 덕풍동 309-64 (경기 하남시 하남대로 859)
902,미사1호,경기,하남시,경기 하남시 망월동 1004-1 (경기 하남시 미사강변북로 30번길 127)
903,미사역,경기,하남시,"경기도 하남시 망월동 1098-3 (경기도 하남시 미사강변중앙로 181, 101호,102호)"
904,신장1호,경기,하남시,경기 하남시 신장동 447-28 (경기 하남시 하남대로 771)
905,신장2호,경기,하남시,경기 하남시 천현동 40-13 (경기 하남시 천현로 130)
906,풍산지구,경기,하남시,경기 하남시 덕풍동 809 (경기 하남시 덕풍북로 251번길 24)
907,하남감일,경기,하남시,경기 하남시 감이동 525-3 (경기 하남시 감일백제로 97) 02 -470-2021
908,남양1호(화성),경기,화성시,경기 화성시 남양읍 남양리 2073-6 (경기 화성시 남양읍 역골로 29-16)
909,동탄1능동,경기,화성시,경기 화성시 반송동 70-4 (경기 화성시 동탄공원로1길 6-11(반송동))
910,동탄1호,경기,화성시,경기 화성시 반송동 42-6 (경기 화성시 동탄지성로 92)
911,동탄2 영천,경기,화성시,경기 화성시 영천동 701-1 (경기 화성시 지산2길 4-7)
912,동탄2목동,경기,화성시,경기 화성시 목동 454-5 (경기 화성시 왕배산3길 19)
913,동탄2산척,경기,화성시,경기 화성시 산척동 산16 (경기 화성시 동탄산척로 2나길 6-4)
914,동탄2청계,경기,화성시,"경기 화성시 청계동 536 (경기 화성시 동탄대로시범길 134 8,9호)"
915,동탄2호,경기,화성시,경기 화성시 반송동 217-6 (경기 화성시 동탄솔빛로 48)
916,동탄2호수공원,경기,화성시,경기도 화성시 송동 709-1 (경기 화성시 동탄순환대로3가길 27(송동))
917,동탄테크노밸리,경기,화성시,경기 화성시 영천동 797-1 (경기 화성시 동탄기흥로 520번가길 9-1)
918,발안1호,경기,화성시,경기 화성시 향남면 행정리 426-11 (경기 화성시 향남읍 행정서로 3길 4-32)
919,병점1호,경기,화성시,"경기 화성시 병점동 379-10 병점프라자 109호, 110호 (경기 화성시 경기대로 1014 병점프라자 109호, 110호)"
920,병점2호,경기,화성시,경기 화성시 진안동 914-1 (경기 화성시 효행로 1051)
921,봉담1호,경기,화성시,경기 화성시 상리 26-8 (경기 화성시 봉담읍 삼천병마로 1268)
922,송산그린시티,경기,화성시,"경기 화성시 새솔동 (경기 화성시 꽃내음2길 12-2 109호,110호)"
923,와우리,경기,화성시,경기 화성시 기안동 338-4 (경기 화성시 효행로 249)
924,향남2지구,경기,화성시,경기 화성시 향남읍 하길리 1466 (경기 화성시 향남읍 상신하길로328번길 8-13)
925,화산안녕,경기,화성시,경기 화성시 송산동 158-8 (경기 화성시 화산로 39)
926,경포,강원,강릉시,강원 강릉시 안현동 861-8 (강원 강릉시 경포로463번길 23)
927,교동1호(강릉),강원,강릉시,강원 강릉시 교동 1840-1 (강원 강릉시 하슬라로192번길 13(교동))
928,내곡회산,강원,강릉시,강원 강릉시 내곡동 428-1 (강원 강릉시 범일로 654)
929,노암,강원,강릉시,강원 강릉시 노암동 708-1 (강원 강릉시 임영로 62)
930,성덕,강원,강릉시,강원 강릉시 입암동 498-13 (강원 강릉시 강변로410번길 41)
931,유천,강원,강릉시,강원 강릉시 홍제동 1019-2 (강원 강릉시 선수촌로 79-19)
932,주문진,강원,강릉시,강원 강릉시 주문진읍 교항리 119-11 (강원 강릉시 주문진읍 주문로 4)
933,포남,강원,강릉시,강원 강릉시 포남동 1157-8 (강원 강릉시 성덕포남로 177)
934,고성(강원),강원,고성군,강원 고성군 간성읍 하리 18-1 (원도 고성군 간성로 66-1)~6
935,봉포,강원,고성군,강원 고성군 토성면 봉포리 166-21 (강원 고성군 토성면 봉포2길 19)
936,묵호,강원,동해시,강원 동해시 부곡동 74-5 (강원 동해시 발한로 45)
937,천곡,강원,동해시,강원 동해시 천곡동 872 (강원 동해시 한섬로 121)~7
938,청운,강원,동해시,강원 동해시 쇄운동 84-5 (강원 동해시 청운로 73)~7
939,삼척,강원,삼척시,강원 삼척시 남양동 17-2 (강원 삼척시 진주로 41)~8
940,교동(속초),강원,속초시,강원 속초시 교동 974-2 (강원 속초시 수복로 17-1)
941,동명,강원,속초시,강원 속초시 동명동 1-18 (강원 속초시 영금정로29)
942,조양,강원,속초시,강원 속초시 조양동 1520-10 (강원 속초시 조양로 98-1)
943,양구,강원,양구군,강원 양구군 양구읍 상리 227-105 (강원 양구군 양구읍 중앙길 47)
944,양양,강원,양양군,강원 양양군 양양읍 남문리 126-1 (강원 양양군 양양읍 양양로 80)
945,하조대,강원,양양군,강원 양양군 현북면 하광정리 361-7 (강원도 양양군 현북면 하조대2길1)
946,영월,강원,영월군,강원 영월군 영월읍 하송리 178-2 (강원 영월군 영월읍 분수대길 24)
947,개운,강원,원주시,"강원 원주시 개운동 395-23 (강원 원주시 행구로 32),762-2003"
948,늘품,강원,원주시,강원 원주시 반곡동 1767-54 (강원 원주시 늘품로 193-1)
949,단계,강원,원주시,강원 원주시 단계동 838-4 (강원 원주시 천사로 39)
950,단구,강원,원주시,강원 원주시 단구동 1631-2 (강원 원주시 단구로 373)
951,명륜(원주),강원,원주시,강원 원주시 명륜동 539 (강원 원주시 남원로 527)
952,무실,강원,원주시,강원 원주시 무실동 1664-3 (강원 원주시 만대로 176)
953,문막,강원,원주시,강원 원주시 문막읍 건등리 1705-3 (강원 원주시 문막읍 건등로 36)
954,우산,강원,원주시,"강원 원주시 우산동 818 (강원 원주시 모란1길 82),9927"
955,원주기업도시,강원,원주시,강원 원주시 지정면 가곡리 1348-7 (강원 원주시 지정면 신지정로 190)
956,원주봉화,강원,원주시,강원 원주시 단계동 1173-8 (강원 원주시 봉화서부로 24-1)
957,일산,강원,원주시,"강원 원주시 원동 278-7 (강원 원주시 남산로 59),9975"
958,태장,강원,원주시,강원 원주시 태장동 북원로 2716-1 (강원 원주시 태장동 북원로 2716-1)
959,혁신(원주),강원,원주시,"강원 원주시 반곡동 1880-7 (강원 원주시 양지로 14 , 114호)"
960,흥업,강원,원주시,강원 원주시 흥업면 흥업리 585-8 (강원 원주시 흥업면 남원로 65)
961,원통,강원,인제군,강원 인제군 북면 원통리 645-32 (강원 인제군 북면 원통로 174-1)
962,인제,강원,인제군,강원 인제군 인제읍 인제로 189 (강원 인제군 인제읍 인제로 189)
963,사북고한,강원,정선군,"강원 정선군 사북읍 사북리 344-56 (강원 정선군 사북읍 사북중앙로 58-1),8555"
964,석사,강원,춘천시,"강원 춘천시 석사동 748-18(33통405) (강원 춘천시 애막골길11번길 2, (33통405))"
965,신사우동,강원,춘천시,강원 춘천시 우두동 1052-29 (강원 춘천시 영서로 2767)
966,장학,강원,춘천시,강원 춘천시 동면 장학리 1003-1 (강원 춘천시 동면 춘천로 449번길 12-1)
967,춘천교대,강원,춘천시,강원 춘천시 동내면 거두리 912-4 (강원 춘천시 동내면 춘천순환로 67 1층)
968,춘천시청,강원,춘천시,강원 춘천시 소양로 3가 181-9 (강원 춘천시 금강로 24)
969,퇴계2호,강원,춘천시,강원 춘천시 퇴계동 87 (강원 춘천시 안마산로 199)
970,효자(춘천),강원,춘천시,강원 춘천시 효자동 545-3 (강원 춘천시 춘천로 94)
971,후평1호,강원,춘천시,강원 춘천시 후평동 836-1 (강원 춘천시 후석로 270)
972,후평사거리,강원,춘천시,강원 춘천시 후평1동 693-4 (강원 춘천시 춘천로 299)~4
973,태백1호,강원,태백시,강원 태백시 상장동 87-36 (강원 태백시 황지로 13-1)
974,대관령,강원,평창군,강원 평창군 횡계리 354-8 (강원 평창군 대관령면 올림픽로 183)
975,진부,강원,평창군,강원 평창군 진부면 하진부리 152-23 (강원 평창군 진부면 청송로 90)
976,휘닉스봉평,강원,평창군,강원 평창군 봉평면 무이리 709 (강원 평창군 봉평면 태기로 151)
977,홍천,강원,홍천군,강원 홍천군 홍천읍 신장대리 8-9 (강원 홍천군 홍천읍 마지기로 11-2)
978,사창,강원,화천군,강원 화천군 사내면 사창리 457-12 (강원 화천군 사내면 사내로5길 13)
979,화천,강원,화천군,강원 화천군 화천읍 하리 44-46 (강원 화천군 화천읍 중앙로 4길 8)~6
980,횡성,강원,횡성군,강원 횡성군 횡성읍 읍하리 107-48 (강원 횡성군 횡성읍 삼일로 9-2)
981,단양,충북,단양군,충북 단양군 단양읍 도전리 523 (충북 단양군 단양읍 수변로 63)
982,보은,충북,보은군,충북 보은군 보은읍 삼산리 153-2 (충북 보은군 보은읍 보은로 137)
983,충북옥천,충북,옥천군,충북 옥천군 옥천읍 장야리 289 (충북 옥천군 옥천읍 문장로 93)
984,금왕,충북,음성군,충북 음성군 금왕군 무극리 629 (충북 음성군 금왕읍 무극로 204-1)
985,대소,충북,음성군,충북 음성군 대소면 태생리 539-170 (충북 음성군 대소면 대동로 865)
986,음성,충북,음성군,충북 음성군 음성읍 읍내리 354-3 (충북 음성군 음성읍 시장로 67)
987,음성혁신도시,충북,음성군,충북 음성군 맹동면 두성리 1251 (충북 음성군 맹동면 용두2나길 15)
988,장호원감곡,충북,음성군,충북 음성군 감곡면 왕장리 523-8 (충북 음성군 감곡면 장감로 154)
989,강제,충북,제천시,충북 제천시 강제동 832 (충북 제천시 강저로 246)
990,명동,충북,제천시,충북 제천시 제천시 하소동 56-7 (충북 제천시 하소로 68)
991,신백,충북,제천시,충북 제천시 신백동 214-7 (충북 제천시 의병대로 36길 29)~3
992,왕암,충북,제천시,충북 제천시 왕암동 798 (충북 제천시 소새로 1길 11)
993,장락,충북,제천시,충북 제천시 장락동 542-7 (충북 제천시 죽하로11길 15)~2
994,청전,충북,제천시,충북 제천시 의림동 7-26 (충북 제천시 칠성로10길 7)
995,증평,충북,증평군,충북 증평군 증평읍 초중리 8-1 (충북 증평군 증평읍 삼보로 112)
996,광혜원,충북,진천군,충북 진천군 광혜원면 광혜원리 503-7 (충북 진천군 광혜원면 중리1길 7)
997,덕산,충북,진천군,충북 진천군 덕산읍 용몽리 85 (충북 진천군 덕산읍 용몽로 106)
998,진천(충북),충북,진천군,충북 진천군 진천읍 남산8길 10-3 (충북 진천군 진천읍 교성리 30-8)
999,오창산업단지,충북,청원군,충북 청원군 오창읍 주성리 602 (충북 청주시 청원구 오창읍 주성1길 10)
1000,청주옥산,충북,청원군,충북 청원군 옥산면 가락리 산 68-8 (충북 청주시 흥덕구 옥산면 가락길 28)
1001,금천광장,충북,청주시 상당구,충북 청주시 상당구 용담동 395 (충북 청주시 청주시 상당구 산성로 112번길 24)
1002,동남지구,충북,청주시 상당구,충북 청주시 상당구 용암동 3034 (충북 청주시 상당구 중고개로 141번길 20 신영빌딩 101호)
1003,용암1호,충북,청주시 상당구,충북 청주시 상당구 용암동 2574 (충북 청주시 상당구 용암북로 138번길 18-4)
1004,용암2호,충북,청주시 상당구,충북 청주시 상당구 용암동 1780 (충북 청주시 상당구 무농정로 27-1)
1005,우암동,충북,청주시 상당구,충북 청주시 상당구 우암동 123-81 (충북 청주시 상당구 상당로 220)
1006,분평,충북,청주시 서원구,"충북 청주시 서원구 분평동 1234 (충북 청주시 서원구 청남로 1992),4415"
1007,가경2호,충북,청주시 흥덕구,충북 청주시 흥덕구 개신동 691 (충북 청주시 서원구 복대로 31)
1008,강서,충북,청주시 흥덕구,충북 청주시 흥덕구 가경동 1849 (충북 청주시 흥덕구 서현북로 36)
1009,복대1호,충북,청주시 흥덕구,충북 청주시 흥덕구 복대동 1652 (충북 청주시 흥덕구 성봉로 293)
1010,봉명1호,충북,청주시 흥덕구,"충북 청주시 흥덕구 봉명동 2844-3 (충북 청주시 흥덕구 월명로178번길 55(봉명동,청안빌딩)),9989"
1011,사직1호(청주),충북,청주시 흥덕구,충북 청주시 흥덕구 사직2동 595-12 (충북 청주시 흥덕구 호국로 71)~6
1012,산남성화,충북,청주시 흥덕구,"충북 청주시 흥덕구 성화동 886번지 101호 (충북 청주시 흥덕구 구룡산로51번가길 10, 101호)"
1013,오송,충북,청주시 흥덕구,충북 청주시 흥덕구 오송읍 호송읍 만수리 521 (충북 청주시 흥덕구 오송읍 오송생명로 200)
1014,운천신봉,충북,청주시 흥덕구,충북 청주시 흥덕구 운천동 1366 (충북 청주시 흥덕구 사운로 244-1)
1015,하복대,충북,청주시 흥덕구,충북 청주시 흥덕구 복대동 2960 (충북 청주시 흥덕구 진재로 34)
1016,오창1호,충북,청주시 청원구,충북 청주시 청원구 오창읍 각리 652-7 (충북 청주시 청원구 오창읍 과학산업5로 114)
1017,갱고개,충북,충주시,충북 충주시 교현동 442-6 (충북 충주시 봉현로 322)
1018,봉방문화교현,충북,충주시,충북 충주시 교현동 634-17 (충북 충주시 국원대로 79)~3
1019,서충주기업도시,충북,충주시,"충북 충주시 중앙탑면 용전리 664 (107호, 108호) (충북 충주시 중앙탑면 기업도시로 214 (107호,108호))"
1020,성내용산,충북,충주시,충북 충주시 용산동 1650-2 (충북 충주시 남산로 90)~5
1021,연수,충북,충주시,충북 충주시 연수동 1610 (충북 충주시 갱고개로 154-1)
1022,계룡대,충남,계룡시,충남 계룡시 엄사면 엄사리 253-1 (충남 계룡시 엄사면 번영로 66)~3
1023,신관,충남,공주시,충남 공주시 신관동 24-25 (충남 공주시 번영1로 138)
1024,옥룡,충남,공주시,충남 공주시 옥룡동 308-1 (충남 공주시 무령로 301)
1025,금산(충남),충남,금산군,충남 금산군 금산읍 상리 47-10 (충남 금산군 금산읍 금산로 1503-2)
1026,연무,충남,논산시,충남 논산시 연무읍 안심리 76-64 (충남 논산시 연무읍 안심로 53)
1027,취암,충남,논산시,충남 논산시 내동 628 (충남 논산시 중앙로 214)
1028,기지시,충남,당진시,충남 당진시 반촌리 861-20 (충남 당진시 송악읍 반촌로 140-39)
1029,신평,충남,당진시,"충남 당진시 신평면 거산리 13-4번지 1층 (충남 당진시 신평면 거산3거리길 46, 1층)"
1030,읍내(당진),충남,당진시,충남 당진시 읍내동 850 (충남 당진시 무수동로 196(읍내동))~7
1031,채운,충남,당진시,충남 당진시 읍내동 1541 (충남 당진시 우두로 23)
1032,합덕,충남,당진시,충남 당진시 합덕읍 운산리 266-2 (충남 당진시 합덕읍 합우로 136)~3
1033,동대,충남,보령시,충남 보령시 동대동 1766 (충남 보령시 작은오랏5길 9)~9
1034,죽정,충남,보령시,충남 보령시 죽정동 668-14 (충남 보령시 지장골길 75)
1035,부여,충남,부여군,충남 부여군 부여읍 관북리 133-5 (충남 부여군 부여읍 석탑로 76-1)
1036,대산,충남,서산시,충남 서산시 대산읍 산리 129-5 (충남 서산시 대산읍 구진로 27)
1037,동문,충남,서산시,충남 서산시 동문동 406-2 (충남 서산시 안견로 151)
1038,서산테크노,충남,서산시,충남 서산시 오사리 1666 (충남 서산시 성연면 성연3로 111)
1039,석림,충남,서산시,충남 서산시 예천동 1287-5 (충남 서산시 호수공원9로 56)
1040,읍내(서산),충남,서산시,충남 서산시 읍내동 759-13 (충남 서산시 안견로 353)~3
1041,서천,충남,서천군,충남 서천군 군사리 718-11 (충남 서천군 서천로 127)
1042,권곡,충남,아산시,충남 아산시 권곡동 549-26 (충남 아산시 번영로 182)
1043,배미,충남,아산시,충남 아산시 배미동 239-17 (충남 아산시 서부북로 1006)~8
1044,배방1호,충남,아산시,충남 아산시 배방읍 공수리 1639 (충남 아산시 배방읍 모산로139번길 7)~3
1045,아산테크노,충남,아산시,충남 아산시 둔포면 석곡리 1704 (충남 아산시 둔포면 아산밸리중앙로 80-22)
1046,온천,충남,아산시,충남 아산시 온천동 1310 (충남 아산시 아산로 70)
1047,용화,충남,아산시,충남 아산시 용화동 714 (충남 아산시 온중로 5)
1048,장재,충남,아산시,충남 아산시 배방읍 장재리 1531 (충남 아산시 배방읍 용연로 84-20)
1049,탕정지중해,충남,아산시,충남 아산시 명암리 943-1 (충남 아산시 탕정면로22번길 18)
1050,예산,충남,예산군,충남 예산군 예산읍 산성리 709-4 (충남 예산군 예산읍 역전로 150-1)
1051,목천,충남,천안시 동남구,충남 천안시 동남구 목천읍 신계리 134-18 (충남 천안시 동남구 목천읍 충절로 890)
1052,봉명다가,충남,천안시 동남구,충남 천안시 동남구 다가동 373-6 (충남 천안시 동남구 차돌로 54(다가동))
1053,신방1호,충남,천안시 동남구,충남 천안시 동남구 신방동 785-32 (충남 천안시 동남구 신촌3길 16 천일빌딩)
1054,신방통정,충남,천안시 동남구,충남 천안시 동남구 신방동 1538 (충남 천안시 동남구 통정10로 33-6)
1055,신부1호,충남,천안시 동남구,충남 천안시 동남구 신부동 728 (충남 천안시 동남구 터미널2로 30(신부동))~7
1056,원성,충남,천안시 동남구,충남 천안시 동남구 원성2동 518-4 (충남 천안시 동남구 버들로 144)
1057,청수,충남,천안시 동남구,충남 천안시 동남구 청당동 513 (천안시 동남구 청수11로18)
1058,두정,충남,천안시 서북구,충남 천안시 서북구 성정2동 1211 (충남 천안시 서북구 성정중7길 18)
1059,백석(천안),충남,천안시 서북구,"충남 천안시 서북구 백석동 910번지 주공아파트상가 103호 (충남 천안시 서북구 백석3로 70, 주공그린빌11단지3차아파트 상가 103호)"
1060,불당,충남,천안시 서북구,충남 천안시 서북구 불당동 1630 (충남 천안시 서북구 불당33길 40)
1061,성거,충남,천안시 서북구,충남 천안시 서북구 성거읍 저리 65-1 (충청 천안시 서북구 성거읍 성거길 107)
1062,성성,충남,천안시 서북구,충남 천안시 서북구 성성동 656 (충남 천안시 서북구 성성8로 14-27)
1063,성정,충남,천안시 서북구,충남 천안시 서북구 성정동 149-4 (충남 천안시 서북구 봉정로 146)~2
1064,성환1호,충남,천안시 서북구,충남 천안시 서북구 성환읍 매주리 325-5 외 1 (충남 천안시 서북구 성환읍 연암율금로 472)
1065,직산1호,충남,천안시 서북구,충남 천안시 서북구 직산읍 삼은리 365 (충남 천안시 서북구 직산읍 봉주로 50)~1
1066,차암,충남,천안시 서북구,충남 천안시 서북구 차암동 514 (충남 천안시 서북구 밤개울1길 6-2)
1067,청양,충남,청양군,충남 청양군 청양읍 읍내리 284-32 (충남 청양군 청양읍 문화예술로 128)
1068,태안,충남,태안군,충남 태안군 태안읍 동문리 319-7 (충남 태안군 태안읍 중앙로 133-5)
1069,내포1호,충남,홍성군,충남 홍성군 홍북면 신경리 1181번지 승우빌딩 107호 (충남 홍성군 홍북읍 홍학로 87(엘가프라자))
1070,오관,충남,홍성군,충남 홍성군 홍성읍 대교리 577 (충남 홍성군 홍성읍 의사로 53-2)~5
1071,고창,전북,고창군,전북 고창군 고창읍 교촌리 483 (전북 고창군 고창읍 월곡로 49)
1072,구암조촌,전북,군산시,전북 군산시 조촌동 2-21 (전북 군산시 궁포1로 24-5 106호)
1073,군산대,전북,군산시,전북 군산시 미룡동 867-2 (전북 군산시 미제1길 12)~3
1074,나운1호,전북,군산시,전북 군산시 나운동 834-7 (전북 군산시 나운로 82)
1075,미원,전북,군산시,전북 군산시 대명동 384-10 (전북 군산시 중앙로 43)
1076,미장수송,전북,군산시,전북 군산시 수송동 841-5 (전북 군산시 동수송9길 16)
1077,소룡산북,전북,군산시,전북 군산시 소룡동 1545-5번지 (전북 군산시 칠성안2길 94-3)
1078,지곡,전북,군산시,전북 군산시 지곡동 495-1 (전북 군산시 백토로 231)
1079,김제,전북,김제시,전북 김제시 신풍동 594-4번지 (전북 김제시 도작8길 38)
1080,남원,전북,남원시,전북 남원시 도통동 387-12 (전북 남원시 시청로 25)
1081,무주,전북,무주군,전북 무주군 무주읍 읍내리 962 (전북 무주군 무주읍 주계로 67-1)
1082,무주구천,전북,무주군,전북 무주군 설천면 삼공리 364-4 (전북 무주군 설천면 구천동로 852)
1083,변산격포,전북,부안군,전북 부안군 변산면 격포리 260-159 (전북 부안군 변산면 격포로 144)
1084,부안,전북,부안군,전북 부안군 부안읍 봉덕리 826-1 (전북 부안군 부안읍 학동길 22-1)
1085,순창,전북,순창군,전북 순창군 순창읍 순화리 282-6 (전북 순창군 순창읍 경천로 57)
1086,봉동,전북,완주군,전북 완주군 봉동읍 둔산리 905-7 (전북 완주군 봉동읍 둔산3로 37)
1087,삼례우석대,전북,완주군,전북 완주군 삼례읍 후정리 13-8 (전북 완주군 삼례읍 삼례로 430)
1088,혁신(전북),전북,완주군,전북 완주군 이서면 갈산리 664-10 (전북 완주군 이서면 안전로 141 104호)
1089,동산,전북,익산시,전북 익산시 마동 344-5 (전북 익산시 서동로 95)
1090,모현,전북,익산시,전북 익산시 모현동1가 857 (전북 익산시 배산로 165-5)
1091,부송,전북,익산시,"전북 익산시 부송동 710-5 (전북 익산시 무왕로 1183),1822"
1092,영등1호,전북,익산시,전북 익산시 영등동 765-4 (전북 익산시 고봉로 24길 29)
1093,영등2호,전북,익산시,전북 익산시 영등동 843-5 (전북 익산시 무왕로 15길 15)
1094,원광대,전북,익산시,"전북 익산시 신동 764-4 시즈퍼스트 상가112호, 113호 (전북 익산시 익산대로68길 51 (시즈퍼스트 상가112호, 113호))"
1095,함열,전북,익산시,전북 익산시 함열읍 와리 610-3 (전북 익산시 함열읍 함열중앙로 29)
1096,임실,전북,임실군,전북 임실군 임실읍 이도리 294 (전북 임실군 임실읍 감천로 20)
1097,장수,전북,장수군,전북 장수군 장수읍 장수리 443-40 (전북 장수군 장수읍 준비취락길 13-9)
1098,동산조촌,전북,전주시 덕진구,전북 전주시 덕진구 반월동 230-6 (전북 전주시 덕진구 혁신로 718)
1099,만성,전북,전주시 덕진구,전북 전주시 덕진구 만성동 1365-6 (전북 전주시 덕진구 만성중앙로 17-8)
1100,솔내,전북,전주시 덕진구,전북 전주시 덕진구 송천동1가 405-1 (전북 전주시 덕진구 송천로 42)
1101,송천,전북,전주시 덕진구,전북 전주시 덕진구 송천동2가 179-116 (전북 전주시 덕진구 사근1길 31 113호)
1102,아중,전북,전주시 덕진구,전북 전주시 덕진구 인후동1가 834-4 (전북 전주시 덕진구 건산로 216)~4
1103,에코시티,전북,전주시 덕진구,전북 전주시 덕진구 송천동2가 1298 (전북 전주시 덕진구 세병로 182)
1104,전북대,전북,전주시 덕진구,전북 전주시 덕진구 덕진동1가 1314-201 (전북 전주시 덕진구 덕진광장로 12)
1105,하가덕진,전북,전주시 덕진구,전북 전주시 덕진구 덕진동2가 670-1 (전북 전주시 덕진구 가리내7길 13(덕진동2가))
1106,호성,전북,전주시 덕진구,전북 전주시 덕진구 호성동1가 757-26 (전북 전주시 덕진구 동부대로 797)~4
1107,삼천1호,전북,전주시 완산구,전북 전주시 완산구 삼천동1가 621 (전북 전주시 완산구 용리로 124)
1108,서곡효자,전북,전주시 완산구,전북 전주시 완산구 효자동3가 1609-16 (전북 전주시 완산구 홍산로 375 104호)
1109,서신,전북,전주시 완산구,"전북 전주시 완산구 서신동 938-5 (전라북도 전주시 완산구 고사평4길 7),0876"
1110,신시가지,전북,전주시 완산구,전북 전주시 완산구 효자동2가 1327-1 (전북 전주시 완산구 봉곡로 114)
1111,안행,전북,전주시 완산구,전북 전주시 완산구 효자동1가 202-1 (전북 전주시 완산구 효동2길 1)
1112,중앙(전주),전북,전주시 완산구,전북 전주시 완산구 고사동 470-3 (전북 전주시 완산구 고사동 전주객사3길 35)
1113,중화산,전북,전주시 완산구,전북 전주시 완산구 중화산동2가 777-6 (전북 전주시 완산구 신촌4길 4)
1114,평화1호,전북,전주시 완산구,전북 전주시 완산구 평화동2가 226 (전북 전주 완산구 평화로 132)~5
1115,효자(전주),전북,전주시 완산구,전북 전주시 완산구 효자동1가 652 (전북 전주시 완산구 거마평로 121)~3
1116,효천,전북,전주시 완산구,전북 전주시 완산구 삼천동2가 759-1 (전북 전주시 완산구 홍산로 14)
1117,상동,전북,정읍시,전북 정읍시 시기동 170-4 (전북 정읍시 관통로 26-1)
1118,수성(정읍),전북,정읍시,전북 정읍시 수성동 954-13 (전북 정읍시 수성로 10-1)
1119,진안,전북,진안군,전북 진안군 진안읍 군상리 286-1 (전북 진안군 진안읍 진장로 26)
1120,강진,전남,강진군,전남 강진군 강진읍 남성리 5-4 (전남 강진군 강진읍 영랑로3길 7)
1121,고흥,전남,고흥군,전남 고흥군 고흥읍 남계리 439-3 (전남 고흥군 고흥읍 신계학림길 16)
1122,광양읍1호,전남,광양시,전남 광양시 광양읍 칠성리 947-3 (전라남도 광양시 광양읍 인덕로 1009)
1123,광양읍2호,전남,광양시,전남 광양시 광양읍 용강리 857-5번지 (전남 광양시 광양읍 용강로 75)
1124,중마1호,전남,광양시,전남 광양시 마동 1037-4 (전남 광양시 사동로 199)
1125,중마2호,전남,광양시,전남 광양시 중동 1654-3 (전남 광양시 광장로 149-1)
1126,구례,전남,구례군,전남 구례군 구례읍 봉남리 11-9 (전남 구례군 구례읍 중앙로 50)
1127,나주,전남,나주시,전남 나주시 대호동 1040-7 (전남 나주시 대호길 49-1)
1128,남평,전남,나주시,전남 나주시 남평읍 동사리 359-3 (전남 나주시 남평읍 강변2길 15)
1129,빛가람1호,전남,나주시,전남 나주시 빛가람동 190-3 (전남 나주시 상야1길 20)
1130,담양,전남,담양군,전남 담양군 담양읍 백동리 247-7 (전남 담양군 담양읍 죽향대로 1204)
1131,비파,전남,목포시,전남 목포시 상동 851 (전남 목포시 비파로 123(상동))
1132,삼학,전남,목포시,전남 목포시 산정동 1284 (전남 목포시 자유로 87 (107호))
1133,상동석현,전남,목포시,전남 목포시 석현동 1173-2 (전남 목포시 옥암로 182 경현빌딩 1층)
1134,옥암,전남,목포시,전남 목포시 옥암동 1248-2 (전남 목포시 남악1로 52번길 8)
1135,용해,전남,목포시,전남 목포시 연산동 1930-4 (전남 목포시 용해지구로 57)
1136,원산,전남,목포시,전남 목포시 산정동 1713-11 (전남 목포시 연산로 153)
1137,하당,전남,목포시,전남 목포시 상동 1116-8번지 (전남 목포시 평화로 10)
1138,남악,전남,무안군,"전남 무안군 삼향읍 남악리 1577 골든스위트 119, 120호 (전남 무안군 삼향읍 남악4로 50 골든스위트 119,120호)"
1139,무안읍,전남,무안군,전남 무안군 무안읍 성남리 813-45 (전남 무안군 무안읍 면성1길 129)
1140,보성,전남,보성군,전남 보성군 보성읍 보성리 831-19 (전남 보성군 보성읍 중앙로 101)
1141,금당1호,전남,순천시,"전남 순천시 조례동 1612번지 1-4호 (전남 순천시 장선배기길 77 1-4호),9958"
1142,남부(순천),전남,순천시,전남 순천시 풍덕동 1265-5 (전남 순천시 장평로 50)
1143,순천대점,전남,순천시,전남 순천시 석현동 80-5 (전남 순천시 순천대2길 30)~4
1144,신대,전남,순천시,전남 순천시 해룡면 신대리 1977-8 (전남 순천시 신대1길 4-3)
1145,연향,전남,순천시,전남 순천시 연향동 1351-1 (전남 순천시 연향번영8길 11)
1146,용당서면,전남,순천시,전남 순천시 용당동 348-9 (전남 순천시 삼산로 112)
1147,조례,전남,순천시,전남 순천시 조례1동 1687-16 (전남 순천시 봉화2길 36)~6
1148,팔마,전남,순천시,전남 순천시 연향동 1678-1 (전남 순천시 팔마4길 9)
1149,국동,전남,여수시,전남 여수시 신월동 96-1 (전남 여수시 신월로 570)~5
1150,덕충,전남,여수시,"전남 여수시 덕충동 2041 (전남 여수시 박람회길46 (113호,114호))"
1151,돌산,전남,여수시,전남 여수시 돌산읍 우두리 1095-9 (전남 여수시 돌산읍 강남9길 17)
1152,둔덕,전남,여수시,전남 여수시 둔덕동 434-7 (전남 여수시 쌍봉로 361)
1153,문수,전남,여수시,전남 여수시 문수동 124 (전남 여수시 여문문화2길 42)
1154,신기,전남,여수시,전남 여수시 신기동 117-7 (전남 여수시 망마로 81)~5
1155,안산,전남,여수시,전남 여수시 안산동 438-7 (전남 여수시 도원로 182)
1156,여서,전남,여수시,전남 여수시 여서동 227-2 (전남 여수시 여서1로 70)~8
1157,웅천,전남,여수시,"전남 여수시 웅천동 1694-1 104호 (전남 여수시 예울마루로 37-26, 104호)"
1158,죽림무선,전남,여수시,전남 여수시 소라면 죽림리 1226-3 (전남 여수시 소라면 죽림로 19)
1159,영광,전남,영광군,전남 영광군 영광읍 신하리 819-8 (전남 영광군 영광읍 신남로 156-1)
1160,삼호,전남,영암군,전남 영암군 삼호읍 용앙리 481 (전남 영암군 삼호읍 대불주거로 118)
1161,완도,전남,완도군,전남 완도군 완도읍 군내리 1237-14 (전남 완도군 완도읍 장보고대로 182)
1162,장흥,전남,장흥군,전남 장흥군 장흥읍 건산리 736-10 (전남 장흥군 장흥읍 동교2길 23)
1163,진도,전남,진도군,전남 진도군 진도읍 남동리 779-20 (전남 진도군 진도읍 남문길 8-6)
1164,함평,전남,함평군,전남 함평군 함평읍 기각리 1000-8 (전남 함평군 함평읍 중앙길 84-3)
1165,해남,전남,해남군,전남 해남군 해남읍 구교리 304-3 (전남 해남군 해남읍 북부순환로 178)~6
1166,화순,전남,화순군,전남 화순군 화순읍 일심리 755 (전남 화순군 화순읍 광덕로 136)
1167,경산,경북,경산시,경북 경산시 옥산동 758-10(1층) (경북 경산시 성암로21길 3-1)
1168,경산오거리,경북,경산시,"경북 경산시 중방동 880-1 (경북 경산시 원효로 2),9992"
1169,계양사동,경북,경산시,경북 경산시 사동 48 (경북 경산시 백자로20길 12(사동))
1170,영대,경북,경산시,경북 경산시 압량면 신대리 497 (경북 경산시 압량면 압독2로 22)
1171,진량,경북,경산시,경북 경산시 진량읍 봉회리 81-3 (경북 경산시 진량읍 봉황길 41)
1172,하양,경북,경산시,경북 경산시 하양읍 금락리 130-18 (경북 경산시 하양읍 하양로 21)
1173,동천(경주),경북,경주시,경북 경주시 동천동 987-44 (경북 경주시 양정로 286-1)~6
1174,성건중앙,경북,경주시,경북 경주시 성건동 625-13 (경북 경주시 공영주택길 6-1(성건동))
1175,안강,경북,경주시,경북 경주시 안강읍 산대리 2400-2 (경북 경주시 안강읍 구부랑길 43-1)
1176,외동(경주),경북,경주시,경북 경주시 입실리 1344-46 (경북 경주시 외동읍 입실로 31)
1177,용강(경주),경북,경주시,경북 경주시 용강동 1619 (경북 경주시 용황로10길 8(용강동))
1178,충효,경북,경주시,경북 경주시 충효동 3002-1 (경북 경주시 충효중앙길 27)
1179,황성,경북,경주시,경북 경주시 황성동 893-3 (경북 경주시 용담로116번길 7)
1180,고령,경북,고령군,경북 고령군 대가야읍 지산리 3-11 (경북 고령군 대가야읍 왕릉로 79)
1181,다산,경북,고령군,경북 고령군 다산면 상곡리 162-21 (경북 고령군 다산면 상곡길 40)
1182,도량,경북,구미시,경북 구미시 도량동 262-1 (경북 구미시 송동로 66)
1183,문성,경북,구미시,경북 구미시 고아읍 문성리 1850 (경북 구미시 고아읍 당산로1길 8)
1184,봉곡,경북,구미시,경북 구미시 봉곡동 302-4 (경북 구미시 봉곡남로 87-1)
1185,산동,경북,구미시,경북 구미시 산동면 신당리 1437 (경북 구미시 산동면 신당1로 2길 5)
1186,상모,경북,구미시,경북 구미시 상모동 42-7 (경북 구미시 상사서로 92)
1187,선산,경북,구미시,경북 구미시 선산읍 동부리 416 (경북 구미시 선산읍 선산중앙로 98-1)
1188,송정(구미),경북,구미시,"경북 구미시 송정동 38-5 우방타운 206동2호 (경북 구미시 송원동로 41(송정동,우방타운206동2호))"
1189,신평공단,경북,구미시,경북 구미시 신평동 95-4 (경북 구미시 신비로 21)
1190,옥계,경북,구미시,경북 구미시 옥계동 843-1 (경북 구미시 산호대로 29길 6)
1191,원평,경북,구미시,경북 구미시 원평동 84-5 (경북 구미시 원남로 69)
1192,원호,경북,구미시,경북 구미시 고아읍 원호리 442-2 (경북 구미시 고아읍 문장로 202)
1193,인동,경북,구미시,경북 구미시 인의동 341-2 (경북 구미시 여헌로 98-1)
1194,진평,경북,구미시,경북 구미시 진평동 29-5 (경북 구미시 인동26길 20)
1195,형곡,경북,구미시,경북 구미시 형곡동 152-4 (경북 구미시 형곡로 100)
1196,김천,경북,김천시,"경북 김천시 신음동 1301-4 (경북 김천시 신음새동네길 82, 가동)"
1197,김천부곡,경북,김천시,경북 김천시 부곡동 426-1 (경북 김천시 김천로 10)
1198,김천혁신,경북,김천시,경북 김천시 율곡동 364 (경북 김천시 혁신4로 5)
1199,점촌,경북,문경시,경북 문경시 모전동 866 (경북 문경시 당교로 212)
1200,봉화,경북,봉화군,경북 봉화군 봉화읍 내성리 222-1 (경북 봉화군 봉화읍 내성로 5길 2)
1201,상주,경북,상주시,경북 상주시 무양동 213-3 (경북 상주시 상산로 347-2(무양동))
1202,성주,경북,성주군,경북 성주군 성주읍 성산리 2102-4 (경북 성주군 성주읍 성주읍1길 7)
1203,금곡(안동),경북,안동시,경북 안동시 당북동 311-8 (경북 안동시 제비원로 135-1)(080-555-9295)
1204,송현오거리,경북,안동시,경북 안동시 송현동 260-5 (경북 안동시 경동로 347)
1205,옥동(안동),경북,안동시,경북 안동시 옥동 786-15 (경북 안동시 광명로 159)
1206,용상,경북,안동시,경북 안동시 용상동 1179-188 (경북 안동시 경동로 916-1)
1207,영덕,경북,영덕군,경북 영덕군 영덕읍 덕곡리 162-1 (경북 영덕군 영덕읍 덕곡길 102)
1208,가흥,경북,영주시,경북 영주시 가흥동 1881 (경북 영주시 대학로 187번길 4-1)
1209,영주,경북,영주시,경북 영주시 휴천동 642-362 (경북 영주시 대동로 165)
1210,중앙(영주),경북,영주시,경북 영주시 하망동 422-75 (경북 영주시 원당로 119)~2
1211,풍기,경북,영주시,경북 영주시 풍기읍 성내리 2-4 (경북 영주시 풍기읍 동성로 77)
1212,영천1호,경북,영천시,경북 영천시 망정동 208-21 (경북 영천시 망정3길 7)
1213,완산문외,경북,영천시,경북 영천시 문외동 258-6 (경북 영천시 충효로 62)
1214,경북도청,경북,예천군,경북 예천군 호명면 산합리 1408 (경북 예천군 호명면 새움3로 20)
1215,북면,경북,울진군,경북 울진군 북면 부구리 159-27 (경북 울진군 북면 울진북로 2095 성용빌딩 105호)
1216,울진,경북,울진군,경북 울진군 울진읍 읍내리 576-1 (경북 울진군 울진읍 울진중앙로 175) 054-781- 5995
1217,의성,경북,의성군,경북 의성군 의성읍 후죽리 470-6 (경북 의성군 의성읍 문소3길 112)
1218,청도,경북,청도군,"경북 청도군 청도읍 고수리 503 (경북 청도군 청도읍 청화로 125-1),9919"
1219,석적,경북,칠곡군,경북 칠곡군 석적읍 중리 203-5 (경북 칠곡군 석적읍 북중리 12길 2)
1220,오태북삼,경북,칠곡군,"경북 칠곡군 북삼읍 인평리 246-3 (경북 칠곡군 북삼읍 금오대로 233),463-1365"
1221,왜관,경북,칠곡군,경북 칠곡군 왜관읍 왜관리 237-19 (경북 칠곡군 왜관읍 중앙로2길 33)
1222,구룡포,경북,포항시 남구,경북 포항시 남구 구룡포읍 구룡포리 742-1 (경북 포항시 남구 구룡포읍 구룡포길57번길 36-9)
1223,남부(포항),경북,포항시 남구,경북 포항시 남구 대도동 124-13 (경북 포항시 남구 문예로 84)
1224,대해중앙,경북,포항시 남구,경북 포항시 남구 대도동 97-4 (경북 포항시 남구 상공로 156)
1225,도구청림,경북,포항시 남구,경북 포항시 남구 동해면 도구리 694-3 (경북 포항시 남구 동해면 연오로7번길 1)
1226,송도,경북,포항시 남구,경북 포항시 남구 해도동 25-28 (경북 포항시 남구 축항로 18)
1227,양학대이,경북,포항시 남구,경북 포항시 남구 이동 652-4 (경북 포항시 남구 대이로 169-2)
1228,연일,경북,포항시 남구,경북 포항시 남구 생지리 157-9 (경북 포항시 남구 연일읍 연일중앙로 37)
1229,오천,경북,포항시 남구,경북 포항시 남구 오천읍 원리 913-2 (경북 포항시 남구 오천읍 원동로 60)
1230,효곡,경북,포항시 남구,경북 포항시 남구 효자동 579-1 풍림아이원상가 107호 (경북 포항시 남구 효성로 55 풍림아이원상가 107호)
1231,교촌Togo화진,경북,포항시 북구,경북 포항시 북구 송라면 지경리 337-10 (경북 포항시 북구 송라면 동해대로 3258)
1232,양덕(포항),경북,포항시 북구,경북 포항시 북구 양덕동 1574 (경북 포항시 북구 천마로 72번길 30)
1233,용흥,경북,포항시 북구,경북 포항시 북구 용흥동 63-9 (경북 포항시 북구 새마을로 36)
1234,우현,경북,포항시 북구,"경북 포항시 북구 우현동 산15-6 (경북 포항시 북구 우창동로 49(우현동)),5525"
1235,장성,경북,포항시 북구,"경북 포항시 북구 장성동 1355-4 (경북 포항시 북구 삼흥로 20), 253-4333"
1236,죽도,경북,포항시 북구,경북 포항시 북구 대흥동 592-2 (경북 포항시 북구 중앙상가 1길 6)~7
1237,환호장량,경북,포항시 북구,"경북 포항시 북구 장성동 1378-3 (경북 포항시 북구 법원로 88),9903"
1238,흥해,경북,포항시 북구,경북 포항시 북구 흥해읍 옥성리 403-7 (경북 포항시 북구 흥해읍 남미질로 7-1)
1239,고현상동,경남,거제시,경남 거제시 고현동 406-18 (경남 거제시 거제중앙로 1804)
1240,상문,경남,거제시,경남 거제시 상동동 913-2 (경남 거제시 상동5길 82)
1241,수양,경남,거제시,경남 거제시 수월동 1120-14 (경남 거제시 수양로 456-10)
1242,아주,경남,거제시,경남 거제시 아주동 1178-2 (경남 거제시 아주로 68)
1243,옥포(거제),경남,거제시,경남 거제시 옥포동 160-1 (경남 거제시 옥포로 6길 11)~8
1244,장승포,경남,거제시,경남 거제시 장승포동 697-2 (경남 거제시 장승포로 32)
1245,장평,경남,거제시,경남 거제시 장평동 274 (경남 거제시 장평3로 3길 8)
1246,중곡,경남,거제시,경남 거제시 고현동 997 (경남 거제시 중곡2로 6길 15)
1247,지세포,경남,거제시,경남 거제시 일운면 지세포리 1009-7 (경남 거제시 일운면 거제대로 2461)
1248,거창1호,경남,거창군,경남 거창군 거창읍 상림리 855 (경남 거창군 거창읍 공수들3길 38)
1249,고성(경남),경남,고성군,경남 고성군 고성읍 송학리 244-88 (경남 고성군 고성읍 송학로 158)~3
1250,구산,경남,김해시,경남 김해시 구산동 275-8 (경남 김해시 구산로 44)
1251,내동,경남,김해시,경남 김해시 내동 138-1 (경남 김해시 평전로 181)
1252,대청,경남,김해시,경남 김해시 대청동 61-1 (경남 김해시 대청로 210번길 24)
1253,부원봉황,경남,김해시,경남 김해시 부원동 607-3 (경남 김해시 가락로 16번길 4)~6
1254,삼계1호,경남,김해시,경남 김해시 삼계동 1479-4 (경남 김해시 해반천로 144번길 35-10)~3
1255,삼계2호,경남,김해시,경남 김해시 삼계동 1415-5 (경남 김해시 김해대로 1765번길 21-26)
1256,삼방,경남,김해시,경남 김해시 삼방동 171-12 (경남 김해시 인제로 200번길 23)
1257,삼정,경남,김해시,경남 김해시 삼정동 590-1 (경남 김해시 활천로36번길 14)
1258,어방,경남,김해시,경남 김해시 어방동 523-2 (경남 김해시 인제로 170번길 9-25)
1259,외동(김해),경남,김해시,경남 김해시 외동 1187-12 (경남 김해시 함박로 47)
1260,율하(김해),경남,김해시,경남 김해시 관동동 1106-5 (경남 김해시 관동로 110)
1261,율하2지구,경남,김해시,경남 김해시 장유동 834-8 (경남 김해시 율하뜰천길 22)
1262,장유1호,경남,김해시,경남 김해시 무계동 149-18 (경남 김해시 내덕로 7번길 3)~7
1263,주촌,경남,김해시,경남 김해시 주촌면 천곡리 1381-14 (경남 김해시 주촌면 천곡로 159)
1264,지내안동,경남,김해시,경남 김해시 지내동 67-1 (경남 김해시 김해대로 2725번길 50)
1265,진영,경남,김해시,"경남 김해시 진영읍 진영리 1629-2 (경남 김해시 진영읍 장등로10번길 10),3989"
1266,남해,경남,남해군,경남 남해군 남해읍 서변리 160-11 (경남 남해군 남해읍 화전로 54)
1267,내일동,경남,밀양시,경남 밀양시 내이동 1566-6 (경남 밀양시 백민로 76-1)
1268,삼문상남,경남,밀양시,경남 밀양시 삼문동 717-11 (경남 밀양시 미리벌중앙로 56)
1269,동금,경남,사천시,경남 사천시 동금동 58-4 (경남 사천시 남일로 43-1)
1270,벌용,경남,사천시,경남 사천시 벌리동 255-9 (경남 사천시 벌리9길 35)
1271,사남,경남,사천시,경남 사천시 사남면 월성리 64-3 (경남 사천시 사남면 월성1길 100 103호)
1272,사천,경남,사천시,경남 사천시 사천읍 수석리 293-23 (경남 사천시 사천읍 진삼로 1433-2)
1273,산청,경남,산청군,경남 산청군 산청읍 옥산리 249 (경남 산청군 산청읍 웅석봉로 68번길 8)
1274,원지,경남,산청군,경남 산청군 신안면 하정리 783-5 (경남 산청군 신안면 지리산대로 3464-1)
1275,덕계,경남,양산시,경남 양산시 덕계동 750 (경남 양산시 덕계로 51)
1276,물금,경남,양산시,경남 양산시 물금읍 범어리 2682-10 (경남 양산시 물금읍 화합9길 9)
1277,삼성,경남,양산시,경남 양산시 북정동 885-12 (경남 양산시 북정로 25)
1278,상북,경남,양산시,"경남 양산시 상북면 석계리 242-1 (경남 양산시 상북면 반회서5길 11),5824"
1279,서창1호,경남,양산시,"경남 양산시 삼호동 707-2 (경남 양산시 삼호로 180),8292"
1280,석산,경남,양산시,경남 양산시 동면 금산리 1422-14 (경남 양산시 동면 금오2길 50)
1281,중앙(양산),경남,양산시,경남 양산시 중부동 684-6 (경남 양산시 양주2길 37 1층)
1282,증산(양산),경남,양산시,경남 양산시 물금읍 가촌리 1269-3 (경남 양산시 물금읍 물금로 182)
1283,통도사,경남,양산시,경남 양산시 하북면 순지리 814-5 (경남 양산시 하북면 통도사로 54)
1284,평산,경남,양산시,경남 양산시 평산동 105-4 (경남 양산시 평산 7길 9)
1285,의령,경남,의령군,경남 의령군 의령읍 서동리 497-9 (경남 의령군 의령읍 의병로 14길 7-7)
1286,가호,경남,진주시,경남 진주시 호탄동 611-3 (경남 진주시 호탄길 21번길 6)
1287,금산(진주),경남,진주시,경남 진주시 중천리 192-3 (경남 진주시 금산면 금산로 114)~2
1288,상대,경남,진주시,경남 진주시 상대동 238-3 (경남 진주시 상대로 24)
1289,상봉중앙,경남,진주시,"경남 진주시 중안동 2-11 (경남 진주시 촉석로 171-1),2285"
1290,상평,경남,진주시,"경남 진주시 상평동 198-43 (경남 진주시 돗골로 96),3839"
1291,신안평거,경남,진주시,경남 진주시 신안동 439-7 (경남 진주시 진양호로 354)
1292,이현인사,경남,진주시,"경남 진주시 인사동 145-5 (경남 진주시 북장대로 27),7896"
1293,정촌,경남,진주시,경남 진주시 정촌면 예하리 1300-14 (경남 진주시 정촌면 화개천로 96)
1294,초장,경남,진주시,경남 진주시 초전동 1704-7 (경남 진주시 초북로20번길 27-3)
1295,칠암망경,경남,진주시,경남 진주시 칠암동 491-47 (경남 진주시 동진로 20번길 11)
1296,판문평거,경남,진주시,경남 진주시 평거동 344-6 (경남 진주시 진양호로 145)~7
1297,하대초전,경남,진주시,경남 진주시 하대동 306-38 (경남 진주시 하대로 107)
1298,혁신(경남 진주),경남,진주시,경남 진주시 진주시 충무공동 282-3 (경남 진주시 충의로 20-33)
1299,남지,경남,창녕군,경남 창녕군 남지읍 남지리 994-7 (경남 창녕군 남지읍 남지중앙로 102-1)
1300,창녕,경남,창녕군,경남 창녕군 창녕읍 송현리 238-1 (경남 창녕군 창녕읍 종로 62번지)~1
1301,마산현동,경남,창원시 마산합포구,경남 창원시 마산합포구 현동 374 (경남 창원시 마산합포구 현동로 56)
1302,문화중앙,경남,창원시 마산합포구,경남 창원시 마산합포구 중앙동1가 1-4 (경남 창원시 마산합포구 315대로 126)
1303,월영,경남,창원시 마산합포구,경남 창원시 마산합포구 해운동 42 (경남 창원시 마산합포구 월영동로 1)
1304,자산교방,경남,창원시 마산합포구,경남 창원시 마산합포구 자산동 301-19 (경남 창원시 마산합포구 자산삼거리로 5-1)
1305,진동,경남,창원시 마산합포구,경남 창원시 마산합포구 진동면 진동리 436 (경남 창원시 마산합포구 진동면 진동사동로 16)
1306,창동산호,경남,창원시 마산합포구,경남 창원시 마산합포구 산호동 338-35 (경남 창원시 마산합포구 합포로 120)~2
1307,내서삼계,경남,창원시 마산회원구,경남 창원시 마산회원구 삼계리 35-14 (경남 창원시 마산회원구 내서읍 삼풍로 61)
1308,석전회성,경남,창원시 마산회원구,경남 창원시 마산회원구 석전동 264-56 (경남 창원시 마산회원구 석전남8길 29)
1309,양덕(창원),경남,창원시 마산회원구,경남 창원시 마산회원구 양덕동 61-61 (경남 창원시 마산회원구 양덕로 139-1)
1310,합성,경남,창원시 마산회원구,경남 창원시 마산회원구 합성동 263-36 (경남 창원시 마산회원구 합성남로 33-1)
1311,호계,경남,창원시 마산회원구,경남 창원시 마산회원구 내서읍 호계리 289-45 (경남 창원시 마산회원구 내서읍 호원로 239)
1312,회원,경남,창원시 마산회원구,"경남 창원시 마산회원구 회원2동 669-4 (경남 창원시 마산회원구 회원남로 19),9665"
1313,남양(창원),경남,창원시 성산구,경남 창원시 성산구 가음동 7-2 더원빌딩 104호 (경남 창원시 성산구 가음정로43번길 3 더원빌딩 104호)
1314,대방,경남,창원시 성산구,경남 창원시 성산구 성주동 100 (경남 창원시 성산구 대암로 247)
1315,반송(창원),경남,창원시 성산구,경남 창원시 성산구 반지동 74-3 (경남 창원시 성산구 반송로 50번길 17)~3
1316,사파,경남,창원시 성산구,경남 창원시 성산구 사파동 113-16 (경남 창원시 성산구 신사로 103)~6
1317,상남,경남,창원시 성산구,경남 창원시 성산구 상남동 34-9 (경남 창원시 성산구 마디미로56번길 10)
1318,성주안민,경남,창원시 성산구,경남 창원시 성산구 성주동 125 (경남 창원시 성산구 삼정자로 51번길 3)
1319,중앙(창원 성산),경남,창원시 성산구,"경남 창원시 성산구 중앙동 100-1 (경남 창원시 성산구 중앙대로 61번길 3), 9949"
1320,감계,경남,창원시 의창구,경남 창원시 의창구 북면 감계리 246-4 (경남 창원시 의창구 북면 감계로 110번길 47-1)
1321,도계명서,경남,창원시 의창구,경남 창원시 의창구 도계동 396-9 (경남 창원시 의창구 도계로 79)~6
1322,동읍,경남,창원시 의창구,경남 창원시 의창구 동읍 용잠리 371-2 (경남 창원시 의창구 동읍 의창대로 860)
1323,무동,경남,창원시 의창구,경남 창원시 의창구 북면 무동리 145-7 (경남 창원시 의창구 북면 무동로 226번길 14)
1324,봉곡사림,경남,창원시 의창구,경남 창원시 의창구 봉곡동 116-4 (경남 창원시 의창구 봉곡로 63번길 2)
1325,용지호수,경남,창원시 의창구,경남 창원시 의창구 용호동 73-50 (경남 창원시 의창구 용지로 153번길 7)
1326,중동유니시티,경남,창원시 의창구,경남 창원시 의창구 서상동 666-6 (경남 창원시 의창구 의창대로254번길 9)
1327,팔용,경남,창원시 의창구,경남 창원시 의창구 팔용동 170-9 (경남 창원시 의창구 남산로 33)
1328,남문,경남,창원시 진해구,경남 창원시 진해구 남문동 1246-4 (골든프라자) (경남 창원시 진해구 남영로55번길 6-17 (골든프라자))
1329,석동덕산,경남,창원시 진해구,경남 창원시 진해구 석동 139-6 (경남 창원시 진해구 냉천로 70-1)
1330,웅동용원,경남,창원시 진해구,경남 창원시 진해구 용원동 1212-11 (경남 창원시 진해구 용원서로39번길 6)
1331,자은냉천,경남,창원시 진해구,경남 창원시 진해구 자은동 135-1 (자은빌딩 103호) (경남 창원시 진해구 냉천로 160 (자은빌딩 103호))
1332,중앙(진해),경남,창원시 진해구,경남 창원시 진해구 여좌동 925-139 (경남 창원시 진해구 여좌로 6)
1333,진해신항,경남,창원시 진해구,경남 창원시 진해구 용원동 1340 (경남 창원시 진해구 신항동로 141)
1334,태평,경남,창원시 진해구,경남 창원시 진해구 수송동 12-14 (경남 창원시 진해구 충무로 70번길 4)
1335,풍호,경남,창원시 진해구,경남 창원시 진해구 풍호동 305-17 (경남 창원시 진해구 충장로657번길 35 창원마린푸르지오2단)
1336,미수봉평,경남,통영시,"경남 통영시 미수동 22-1번지 운하상가 115호 (경남 통영시 운하1길 25, 천우운하맨션 상가 115호)"
1337,북신무전,경남,통영시,경남 통영시 무전동 1033-2 (경남 통영시 무전8길 22-19)
1338,죽림,경남,통영시,"경남 통영시 광도면 죽림리 1574-57 가동 103호 (경남 통영시 광도면 죽림2로 77, 가동 103호)"
1339,하동,경남,하동군,경남 하동군 하동읍 읍내리 238 (경남 하동군 하동읍 시장3길 6)
1340,칠원,경남,함안군,경남 함안군 칠원읍 구성리 650-4 (경남 함안군 칠원읍 용산1길 27)
1341,함안,경남,함안군,경남 함안군 가야읍 말산리 58-27 (경남 함안군 가야읍 가야로 78)
1342,함양,경남,함양군,경남 함양군 함양읍 용평리 773-1 (경남 함양군 함양읍 함양로 1111-1)
1343,합천,경남,합천군,경남 합천군 합천읍 합천리 320-3 (경남 합천군 합천읍 대야로 869)
1344,대정,제주,서귀포시,제주 서귀포시 대정읍 하모리 1048-4 (제주 서귀포시 대정읍 신영로 73)
1345,서귀포1호,제주,서귀포시,제주 서귀포시 동흥동 117-6 (제주 서귀포시 일주동로 8584)
1346,서귀포남원,제주,서귀포시,제주 서귀포시 남원읍 남원리 50 (제주 서귀포시 태위로 713)
1347,서귀포명동,제주,서귀포시,제주 서귀포시 서귀동 408-3 (제주 서귀포시 명동로 29(서귀동))
1348,서귀포혁신도시,제주,서귀포시,제주 서귀포시 강정동 166-10 (제주 서귀포시 신서귀로97길 55)
1349,성산일출봉,제주,서귀포시,제주 서귀포시 성산읍 성산리 362-1 (제주 서귀포시 성산읍 성산등용로 78)
1350,영어교육도시,제주,서귀포시,제주 서귀포시 대정읍 보성리 2476 (제주 서귀포시 대정읍 에듀시티로239번길 8)
1351,중문,제주,서귀포시,제주 서귀포시 중문동 1965-9 (제주 서귀포시 천제연로 215)
1352,표선,제주,서귀포시,제주 서귀포시 표선리 633-3 (제주 서귀포시 표선동서로 234)
1353,건입,제주,제주시,제주 제주시 일도2동 160-9 (제주 제주시 고마로 29)
1354,노형,제주,제주시,제주 제주시 노형동 1055-1 (제주 제주시 월랑로 35)
1355,도두해안도로,제주,제주시,제주 제주시 도두1동 2625-4 (제주 제주시 서해안로 160-1 1층)
1356,삼양화북,제주,제주시,제주 제주시 화북1동 1023-2 (제주 제주시 화삼북로2길 32)~1
1357,세화,제주,제주시,제주 제주시 구좌읍 평대리 3349-8 (제주 제주시 구좌읍 세평항로 37)
1358,시청(제주),제주,제주시,제주 제주시 이도이동 1179-18 (제주 제주시 광양 13길 3)
1359,아라,제주,제주시,제주 제주시 아라일동 6080 (제주 제주시 중앙로 596)
1360,아라이도,제주,제주시,제주 제주시 이도2동 1970-24 (제주 제주시 승천로 51)
1361,애월해안도로,제주,제주시,제주 제주시 애월읍 고내리 1145-1 (제주 제주시 애월읍 고내로7길 44)
1362,외도하귀,제주,제주시,제주 제주시 하귀1리 162-4 (제주 제주시 하귀9길 56)
1363,용담삼도,제주,제주시,제주 제주시 용담이동 628-24 (제주 제주시 용화로 40)
1364,일도,제주,제주시,제주 제주시 일도이동 377-22 (제주 제주시 고마로 95)
1365,제주1호,제주,제주시,"제주 제주시 연동 272-30 (제주 제주시 삼무로 50),711-0991"
1366,탑동(제주),제주,제주시,제주 제주시 삼도이동 1192-22 (제주 제주시 탑동로 21)
1367,한라대,제주,제주시,제주 제주시 노형동 716 (제주 제주시 한라대학로 114)
1368,한림협재,제주,제주시,제주 제주시 한림읍 한림리 1582-8 (제주 제주시 한림읍 한림중앙로 47)
1369,함덕,제주,제주시,제주 제주시 조천읍 함덕리 1004-41 (제주 제주시 조함해안로 510)
